source,gt,dataset,method,AUROC,AUPRC,AUPRC_random,total_edges,evaluable_edges,positives,negatives,GT_TFs,GT_targets,AUPRC_universe,AUROC_edges
Supplementary Data 2 (MOESM5_ESM.xlsx),ChIP,K562,CellOracle,0.5387744880299264,0.389515036052365,0.3312883118571036,588642.0,215375.0,131205.0,84170.0,150.0,27747.0,4162050.0,168340.0
Supplementary Data 2 (MOESM5_ESM.xlsx),ChIP,K562,SCENIC+,0.4662487943857992,0.3319952745574576,0.3307961798699774,10047.0,3023.0,1522.0,1501.0,150.0,27747.0,4162050.0,3002.0
Supplementary Data 2 (MOESM5_ESM.xlsx),ChIP,K562,Pando-GLM,0.5747256647464742,0.3484999315613846,0.3310857263096169,276343.0,64367.0,34889.0,29478.0,150.0,27747.0,4162050.0,58956.0
Supplementary Data 2 (MOESM5_ESM.xlsx),ChIP,K562,Pando-XGB,0.5179741984484322,0.3460433158209693,0.3308518915938047,254136.0,59356.0,32014.0,27342.0,150.0,27747.0,4162050.0,54684.0
Supplementary Data 2 (MOESM5_ESM.xlsx),ChIP,K562,LINGER,0.5358389773788499,0.4296811656618413,0.3307842768148169,2122164.0,707264.0,380127.0,327137.0,150.0,27747.0,4162050.0,654274.0
Supplementary Data 2 (MOESM5_ESM.xlsx),ChIP,K562,FigR,0.5036509264725183,0.3763394350649392,0.3305699677590458,1314030.0,261330.0,139695.0,121635.0,150.0,27747.0,4162050.0,243270.0
Supplementary Data 2 (MOESM5_ESM.xlsx),ChIP,K562,TRIPOD,0.5117525167154505,0.4051878706137871,0.330750067773938,1131249.0,416415.0,234444.0,181971.0,150.0,27747.0,4162050.0,363942.0
Supplementary Data 2 (MOESM5_ESM.xlsx),ChIP,K562,GRaNIE,0.5121118961990397,0.3679885592308209,0.3309795441424319,818216.0,182307.0,99649.0,82658.0,150.0,27747.0,4162050.0,165316.0
Supplementary Data 2 (MOESM5_ESM.xlsx),ChIP,Macrophage_S1,CellOracle,0.5843607395354705,0.2925163361734273,0.272513489751975,500316.0,28611.0,10447.0,18164.0,23.0,26693.0,613939.0,20894.0
Supplementary Data 2 (MOESM5_ESM.xlsx),ChIP,Macrophage_S1,SCENIC+,0.572754189432557,0.2845299495618538,0.2716365083630636,19050.0,1536.0,1355.0,181.0,23.0,26693.0,613939.0,362.0
Supplementary Data 2 (MOESM5_ESM.xlsx),ChIP,Macrophage_S1,Pando-GLM,0.5744264806526932,0.2889161966425015,0.2710949065583287,220781.0,7792.0,3943.0,3849.0,23.0,26693.0,613939.0,7698.0
Supplementary Data 2 (MOESM5_ESM.xlsx),ChIP,Macrophage_S1,Pando-XGB,0.557715573792144,0.2887558990213323,0.2717885883502242,197651.0,7079.0,3709.0,3370.0,23.0,26693.0,613939.0,6740.0
Supplementary Data 2 (MOESM5_ESM.xlsx),ChIP,Macrophage_S1,LINGER,0.5957393516606929,0.3214459925610296,0.2717665871365433,2025465.0,101232.0,36181.0,65051.0,23.0,26693.0,613939.0,72362.0
Supplementary Data 2 (MOESM5_ESM.xlsx),ChIP,Macrophage_S1,FigR,0.5286151279716547,0.2905613632849391,0.2714936061720804,1192625.0,29307.0,10972.0,18335.0,23.0,26693.0,613939.0,21944.0
Supplementary Data 2 (MOESM5_ESM.xlsx),ChIP,Macrophage_S1,TRIPOD,0.5525359103466511,0.3316775386929183,0.2714171860593085,962593.0,49958.0,23223.0,26735.0,23.0,26693.0,613939.0,46446.0
Supplementary Data 2 (MOESM5_ESM.xlsx),ChIP,Macrophage_S1,GRaNIE,0.6496,0.2688671603182652,0.2718952383071249,213532.0,1458.0,50.0,1408.0,23.0,26693.0,613939.0,100.0
Supplementary Data 2 (MOESM5_ESM.xlsx),ChIP,Macrophage_S2,CellOracle,0.6056719338865837,0.3005244694453413,0.2709582790149901,425690.0,22534.0,9662.0,12872.0,23.0,26693.0,613939.0,19324.0
Supplementary Data 2 (MOESM5_ESM.xlsx),ChIP,Macrophage_S2,SCENIC+,0.5137007333366185,0.2788635740423813,0.2707723390602802,25838.0,3221.0,1567.0,1654.0,23.0,26693.0,613939.0,3134.0
Supplementary Data 2 (MOESM5_ESM.xlsx),ChIP,Macrophage_S2,Pando-GLM,0.5073080211004775,0.2758065429728464,0.2722197290892183,25786.0,702.0,483.0,219.0,23.0,26693.0,613939.0,438.0
Supplementary Data 2 (MOESM5_ESM.xlsx),ChIP,Macrophage_S2,Pando-XGB,0.5362029384756658,0.2808668353610798,0.2724955197279126,95798.0,2957.0,1637.0,1320.0,23.0,26693.0,613939.0,2640.0
Supplementary Data 2 (MOESM5_ESM.xlsx),ChIP,Macrophage_S2,LINGER,0.547180360198574,0.3243004704630815,0.2712856588261596,1683966.0,84788.0,33453.0,51335.0,23.0,26693.0,613939.0,66906.0
Supplementary Data 2 (MOESM5_ESM.xlsx),ChIP,Macrophage_S2,FigR,0.5331258151277465,0.2961407123738815,0.2719722350335308,956282.0,24986.0,10409.0,14577.0,23.0,26693.0,613939.0,20818.0
Supplementary Data 2 (MOESM5_ESM.xlsx),ChIP,Macrophage_S2,TRIPOD,0.5393004833448513,0.3361192851868465,0.2727044371149132,837725.0,43294.0,22000.0,21294.0,23.0,26693.0,613939.0,42588.0
Supplementary Data 2 (MOESM5_ESM.xlsx),ChIP,Macrophage_S2,GRaNIE,0.4726020408163266,0.2683325477170297,0.2729274760907571,213761.0,2088.0,140.0,1948.0,23.0,26693.0,613939.0,280.0
Supplementary Data 2 (MOESM5_ESM.xlsx),ChIP,iPS,CellOracle,0.4808408105244436,0.1095711510565218,0.09091815472230344,222888.0,20987.0,5432.0,15555.0,75.0,23538.0,1344112.0,10864.0
Supplementary Data 2 (MOESM5_ESM.xlsx),ChIP,iPS,SCENIC+,0.4395217895507813,0.0914839675606455,0.09087964713619276,21377.0,2132.0,256.0,1876.0,75.0,23538.0,1344112.0,512.0
Supplementary Data 2 (MOESM5_ESM.xlsx),ChIP,iPS,Pando-GLM,0.5032552083333334,0.09056358953886164,0.09081771287413594,37361.0,3992.0,192.0,3800.0,75.0,23538.0,1344112.0,384.0
Supplementary Data 2 (MOESM5_ESM.xlsx),ChIP,iPS,Pando-XGB,0.4418764370390277,0.09051369357629573,0.0907331699129879,34719.0,3964.0,183.0,3781.0,75.0,23538.0,1344112.0,366.0
Supplementary Data 2 (MOESM5_ESM.xlsx),ChIP,iPS,LINGER,0.5014294636796025,0.1082790411059538,0.09069345407163064,533750.0,33232.0,6639.0,26593.0,75.0,23538.0,1344112.0,13278.0
Supplementary Data 2 (MOESM5_ESM.xlsx),ChIP,iPS,FigR,0.4675993994414494,0.09365416668844288,0.0910557637572254,261636.0,8912.0,1242.0,7670.0,75.0,23538.0,1344112.0,2484.0
Supplementary Data 2 (MOESM5_ESM.xlsx),ChIP,iPS,TRIPOD,0.5635748842865623,0.1185214813317126,0.09111476550021828,340503.0,19423.0,5979.0,13444.0,75.0,23538.0,1344112.0,11958.0
Supplementary Data 2 (MOESM5_ESM.xlsx),ChIP,iPS,GRaNIE,0.5679934286639826,0.09918374620529688,0.0910157247461396,164602.0,4912.0,1470.0,3442.0,75.0,23538.0,1344112.0,2940.0
Supplementary Data 2 (MOESM5_ESM.xlsx),ChIP,E7.5_rep1,CellOracle,0.5293456724704463,0.1911302918253048,0.1555098991877092,472258.0,127612.0,56834.0,70778.0,243.0,25303.0,6148629.0,113668.0
Supplementary Data 2 (MOESM5_ESM.xlsx),ChIP,E7.5_rep1,SCENIC+,0.4147869146817047,0.1563690524096825,0.1551087135639947,26388.0,3384.0,1308.0,2076.0,243.0,25303.0,6148629.0,2616.0
Supplementary Data 2 (MOESM5_ESM.xlsx),ChIP,E7.5_rep1,Pando-GLM,0.4579122416267955,0.1589098368522145,0.1552173537696511,84971.0,12286.0,4858.0,7428.0,243.0,25303.0,6148629.0,9716.0
Supplementary Data 2 (MOESM5_ESM.xlsx),ChIP,E7.5_rep1,Pando-XGB,0.5005774904160324,0.1589222821053504,0.1551601084538509,78171.0,11371.0,4567.0,6804.0,243.0,25303.0,6148629.0,9134.0
Supplementary Data 2 (MOESM5_ESM.xlsx),ChIP,E7.5_rep1,LINGER,0.6521119142976477,0.2410298930789651,0.155519811351894,2838330.0,496595.0,172617.0,323978.0,243.0,25303.0,6148629.0,345234.0
Supplementary Data 2 (MOESM5_ESM.xlsx),ChIP,E7.5_rep1,FigR,0.5072375828402044,0.1775720729506989,0.1550128434767739,1033866.0,153843.0,51360.0,102483.0,243.0,25303.0,6148629.0,102720.0
Supplementary Data 2 (MOESM5_ESM.xlsx),ChIP,E7.5_rep1,TRIPOD,0.4919584940349843,0.1928098299608951,0.1554591147475326,1587585.0,282998.0,99226.0,183772.0,243.0,25303.0,6148629.0,198452.0
Supplementary Data 2 (MOESM5_ESM.xlsx),ChIP,E7.5_rep1,GRaNIE,0.5699094013331103,0.1875673621475007,0.1552834679856269,369394.0,89103.0,42125.0,46978.0,243.0,25303.0,6148629.0,84250.0
Supplementary Data 2 (MOESM5_ESM.xlsx),ChIP,E7.5_rep2,CellOracle,0.5040860525307703,0.1815307695392951,0.152841951650722,313984.0,91202.0,42138.0,49064.0,243.0,25220.0,6128460.0,84276.0
Supplementary Data 2 (MOESM5_ESM.xlsx),ChIP,E7.5_rep2,SCENIC+,0.4594447570267795,0.1545427165483954,0.1527590671314073,19078.0,3153.0,1600.0,1553.0,243.0,25220.0,6128460.0,3106.0
Supplementary Data 2 (MOESM5_ESM.xlsx),ChIP,E7.5_rep2,Pando-GLM,0.3922855241283065,0.1545916769381197,0.1528711390555234,36017.0,4427.0,1989.0,2438.0,243.0,25220.0,6128460.0,3978.0
Supplementary Data 2 (MOESM5_ESM.xlsx),ChIP,E7.5_rep2,Pando-XGB,0.5144269126934818,0.1547105911384014,0.1526996731448501,33105.0,4130.0,1892.0,2238.0,243.0,25220.0,6128460.0,3784.0
Supplementary Data 2 (MOESM5_ESM.xlsx),ChIP,E7.5_rep2,LINGER,0.6439600224875484,0.2249848714063597,0.1528913837255118,1877680.0,367500.0,133059.0,234441.0,243.0,25220.0,6128460.0,266118.0
Supplementary Data 2 (MOESM5_ESM.xlsx),ChIP,E7.5_rep2,FigR,0.4995932119388901,0.1719027125470689,0.1528119262165668,632075.0,104790.0,37683.0,67107.0,243.0,25220.0,6128460.0,75366.0
Supplementary Data 2 (MOESM5_ESM.xlsx),ChIP,E7.5_rep2,TRIPOD,0.5149064019122038,0.1859270862298297,0.1527213878225184,1035879.0,192600.0,70152.0,122448.0,243.0,25220.0,6128460.0,140304.0
Supplementary Data 2 (MOESM5_ESM.xlsx),ChIP,E7.5_rep2,GRaNIE,0.595520526901089,0.1792216786335559,0.1526665276682825,300992.0,72304.0,32831.0,39473.0,243.0,25220.0,6128460.0,65662.0
Supplementary Data 2 (MOESM5_ESM.xlsx),ChIP,E8.5_rep1,CellOracle,0.4807358279447465,0.1851901308388314,0.1546647083347736,417442.0,112031.0,49668.0,62363.0,243.0,24776.0,6020568.0,99336.0
Supplementary Data 2 (MOESM5_ESM.xlsx),ChIP,E8.5_rep1,SCENIC+,0.3905821894832884,0.1554836917041124,0.1548346879071954,30605.0,4006.0,1365.0,2641.0,243.0,24776.0,6020568.0,2730.0
Supplementary Data 2 (MOESM5_ESM.xlsx),ChIP,E8.5_rep1,Pando-GLM,0.3819867442580277,0.1573201999057731,0.1544209218948995,85191.0,10679.0,4016.0,6663.0,243.0,24776.0,6020568.0,8032.0
Supplementary Data 2 (MOESM5_ESM.xlsx),ChIP,E8.5_rep1,Pando-XGB,0.5199143076687223,0.1576464024948609,0.1543441028799011,78517.0,9931.0,3859.0,6072.0,243.0,24776.0,6020568.0,7718.0
Supplementary Data 2 (MOESM5_ESM.xlsx),ChIP,E8.5_rep1,LINGER,0.6583148723172929,0.2274506426938511,0.1546473543803889,2813930.0,430032.0,141990.0,288042.0,243.0,24776.0,6020568.0,283980.0
Supplementary Data 2 (MOESM5_ESM.xlsx),ChIP,E8.5_rep1,FigR,0.4956277398276079,0.1725701492693776,0.1542718041016154,1061679.0,138373.0,44072.0,94301.0,243.0,24776.0,6020568.0,88144.0
Supplementary Data 2 (MOESM5_ESM.xlsx),ChIP,E8.5_rep1,TRIPOD,0.4937754361873376,0.180697813887889,0.1544258700093996,1587651.0,232132.0,73405.0,158727.0,243.0,24776.0,6020568.0,146810.0
Supplementary Data 2 (MOESM5_ESM.xlsx),ChIP,E8.5_rep1,GRaNIE,0.5885617422621295,0.1843054950833379,0.1545560912937699,412265.0,89815.0,40356.0,49459.0,243.0,24776.0,6020568.0,80712.0
Supplementary Data 2 (MOESM5_ESM.xlsx),ChIP,E8.5_rep2,CellOracle,0.5115950106643771,0.1883414733627467,0.1551765426186158,469955.0,128114.0,55139.0,72975.0,243.0,24806.0,6027858.0,110278.0
Supplementary Data 2 (MOESM5_ESM.xlsx),ChIP,E8.5_rep2,SCENIC+,0.4273417185528803,0.1561456706013845,0.1550163756205788,35800.0,4941.0,1658.0,3283.0,243.0,24806.0,6027858.0,3316.0
Supplementary Data 2 (MOESM5_ESM.xlsx),ChIP,E8.5_rep2,Pando-GLM,0.4014609621542379,0.159885980558501,0.1546930437602969,162615.0,22051.0,8050.0,14001.0,243.0,24806.0,6027858.0,16100.0
Supplementary Data 2 (MOESM5_ESM.xlsx),ChIP,E8.5_rep2,Pando-XGB,0.5338244603429243,0.1607932879970971,0.1551606765703166,143972.0,19823.0,7649.0,12174.0,243.0,24806.0,6027858.0,15298.0
Supplementary Data 2 (MOESM5_ESM.xlsx),ChIP,E8.5_rep2,LINGER,0.656175071767263,0.2239344702901982,0.1547391483295378,3184675.0,481134.0,150208.0,330926.0,243.0,24806.0,6027858.0,300416.0
Supplementary Data 2 (MOESM5_ESM.xlsx),ChIP,E8.5_rep2,FigR,0.4903003240066259,0.1714883025219426,0.155059280505877,1101409.0,146461.0,44487.0,101974.0,243.0,24806.0,6027858.0,88974.0
Supplementary Data 2 (MOESM5_ESM.xlsx),ChIP,E8.5_rep2,TRIPOD,0.5252260864569372,0.1833586980891861,0.155068512922598,1749291.0,245341.0,76888.0,168453.0,243.0,24806.0,6027858.0,153776.0
Supplementary Data 2 (MOESM5_ESM.xlsx),ChIP,E8.5_rep2,GRaNIE,0.621517835775557,0.1842280517884542,0.1552881654785046,458676.0,91955.0,39606.0,52349.0,243.0,24806.0,6027858.0,79212.0
Supplementary Data 2 (MOESM5_ESM.xlsx),ChIP,Naive_mESC,CellOracle,0.5081479259420708,0.162848488009351,0.1535046283349673,97335.0,28884.0,12814.0,16070.0,245.0,25642.0,6282290.0,25628.0
Supplementary Data 2 (MOESM5_ESM.xlsx),ChIP,Naive_mESC,SCENIC+,0.5561914672216441,0.1531670826699163,0.1529107700974771,118.0,62.0,31.0,31.0,245.0,25642.0,6282290.0,62.0
Supplementary Data 2 (MOESM5_ESM.xlsx),ChIP,Naive_mESC,Pando-GLM,0.4545256477275779,0.1644435641577698,0.1530813138437082,65289.0,30086.0,14521.0,15565.0,245.0,25642.0,6282290.0,29042.0
Supplementary Data 2 (MOESM5_ESM.xlsx),ChIP,Naive_mESC,Pando-XGB,0.5335783179414205,0.1650842904947397,0.1530720584021384,60865.0,28973.0,13974.0,14999.0,245.0,25642.0,6282290.0,27948.0
Supplementary Data 2 (MOESM5_ESM.xlsx),ChIP,Naive_mESC,LINGER,0.4733841529864198,0.1603564015951785,0.153570171297931,1818648.0,49648.0,15628.0,34020.0,245.0,25642.0,6282290.0,31256.0
Supplementary Data 2 (MOESM5_ESM.xlsx),ChIP,Naive_mESC,FigR,0.5105328900883219,0.1708278811135344,0.1529578063803305,458645.0,86613.0,32349.0,54264.0,245.0,25642.0,6282290.0,64698.0
Supplementary Data 2 (MOESM5_ESM.xlsx),ChIP,Naive_mESC,TRIPOD,0.5149050146330847,0.1920157748695021,0.1531997793787447,1024909.0,195640.0,77380.0,118260.0,245.0,25642.0,6282290.0,154760.0
Supplementary Data 2 (MOESM5_ESM.xlsx),ChIP,Naive_mESC,GRaNIE,0.5391974149487793,0.182306865758558,0.1530435935413028,582470.0,127441.0,50384.0,77057.0,245.0,25642.0,6282290.0,100768.0
Supplementary Data 3 (MOESM6_ESM.xlsx),KO,K562,CellOracle,0.4918934999256284,0.146734431340069,0.15934723700376,588642.0,63481.0,2988.0,60493.0,96.0,14927.0,1432992.0,5976.0
Supplementary Data 3 (MOESM6_ESM.xlsx),KO,K562,SCENIC+,0.5728305785123967,0.1593997280984257,0.1594256438544975,10047.0,910.0,44.0,866.0,96.0,14927.0,1432992.0,88.0
Supplementary Data 3 (MOESM6_ESM.xlsx),KO,K562,Pando-GLM,0.471918500892326,0.1555153112222092,0.1597461702129932,276343.0,14914.0,820.0,14094.0,96.0,14927.0,1432992.0,1640.0
Supplementary Data 3 (MOESM6_ESM.xlsx),KO,K562,Pando-XGB,0.4956265076093154,0.1556792592630449,0.1597232620784666,254136.0,14030.0,755.0,13275.0,96.0,14927.0,1432992.0,1510.0
Supplementary Data 3 (MOESM6_ESM.xlsx),KO,K562,LINGER,0.4018605946341443,0.1390477583158246,0.1599244765788848,2122164.0,171511.0,12894.0,158617.0,96.0,14927.0,1432992.0,25788.0
Supplementary Data 3 (MOESM6_ESM.xlsx),KO,K562,FigR,0.44980167520347,0.1493935337699029,0.1601701601609695,1314030.0,55140.0,3622.0,51518.0,96.0,14927.0,1432992.0,7244.0
Supplementary Data 3 (MOESM6_ESM.xlsx),KO,K562,TRIPOD,0.4944484833663126,0.1490494465512534,0.1594960151968267,1131249.0,76800.0,6491.0,70309.0,96.0,14927.0,1432992.0,12982.0
Supplementary Data 3 (MOESM6_ESM.xlsx),KO,K562,GRaNIE,0.5073972618689843,0.1517539635961536,0.1597269990573184,818216.0,47190.0,3753.0,43437.0,96.0,14927.0,1432992.0,7506.0
Supplementary Data 3 (MOESM6_ESM.xlsx),KO,E7.5_rep1,CellOracle,0.5413283872342692,0.09015517449193404,0.09106079100410708,472258.0,34572.0,2740.0,31832.0,55.0,16060.0,844074.0,5480.0
Supplementary Data 3 (MOESM6_ESM.xlsx),KO,E7.5_rep1,SCENIC+,0.5350415512465374,0.09145050767276808,0.09089351751995337,26388.0,1490.0,190.0,1300.0,55.0,16060.0,844074.0,380.0
Supplementary Data 3 (MOESM6_ESM.xlsx),KO,E7.5_rep1,Pando-GLM,0.5259204904223467,0.09499913108183472,0.09106271480226943,84971.0,6427.0,1113.0,5314.0,55.0,16060.0,844074.0,2226.0
Supplementary Data 3 (MOESM6_ESM.xlsx),KO,E7.5_rep1,Pando-XGB,0.5090752020189765,0.09456839411048784,0.09083546199952015,78171.0,5828.0,1015.0,4813.0,55.0,16060.0,844074.0,2030.0
Supplementary Data 3 (MOESM6_ESM.xlsx),KO,E7.5_rep1,LINGER,0.462703808703932,0.09478614331486496,0.09109538446652232,2838330.0,163593.0,16581.0,147012.0,55.0,16060.0,844074.0,33162.0
Supplementary Data 3 (MOESM6_ESM.xlsx),KO,E7.5_rep1,FigR,0.5500027377909593,0.1024541424535002,0.0905348144789475,1033866.0,55260.0,6912.0,48348.0,55.0,16060.0,844074.0,13824.0
Supplementary Data 3 (MOESM6_ESM.xlsx),KO,E7.5_rep1,TRIPOD,0.5705218741999345,0.1134747657403097,0.09119682486462126,1587585.0,95290.0,13113.0,82177.0,55.0,16060.0,844074.0,26226.0
Supplementary Data 3 (MOESM6_ESM.xlsx),KO,E7.5_rep1,GRaNIE,0.3015094822102387,0.09425527021837564,0.09092267972414832,369394.0,14604.0,2104.0,12500.0,55.0,16060.0,844074.0,4208.0
Supplementary Data 3 (MOESM6_ESM.xlsx),KO,E7.5_rep2,CellOracle,0.5033426398610155,0.08886878789801463,0.09087942792527064,313984.0,23080.0,1333.0,21747.0,55.0,15463.0,720170.0,2666.0
Supplementary Data 3 (MOESM6_ESM.xlsx),KO,E7.5_rep2,SCENIC+,0.5034350640771569,0.09108461976983127,0.0905139960524818,19078.0,926.0,87.0,839.0,55.0,15463.0,720170.0,174.0
Supplementary Data 3 (MOESM6_ESM.xlsx),KO,E7.5_rep2,Pando-GLM,0.5733554843558404,0.0928511110382482,0.09167673941212526,36017.0,1879.0,318.0,1561.0,55.0,15463.0,720170.0,636.0
Supplementary Data 3 (MOESM6_ESM.xlsx),KO,E7.5_rep2,Pando-XGB,0.4897202442106258,0.09250993059518794,0.0906688516646032,33105.0,1725.0,291.0,1434.0,55.0,15463.0,720170.0,582.0
Supplementary Data 3 (MOESM6_ESM.xlsx),KO,E7.5_rep2,LINGER,0.4547116358751546,0.09662668188032426,0.09113531383655896,1877680.0,108878.0,10616.0,98262.0,55.0,15463.0,720170.0,21232.0
Supplementary Data 3 (MOESM6_ESM.xlsx),KO,E7.5_rep2,FigR,0.5314829570286594,0.09916849097807816,0.09027779929937609,632075.0,35254.0,4109.0,31145.0,55.0,15463.0,720170.0,8218.0
Supplementary Data 3 (MOESM6_ESM.xlsx),KO,E7.5_rep2,TRIPOD,0.5204465519379058,0.1081551583996075,0.0910312599013936,1035879.0,61936.0,8127.0,53809.0,55.0,15463.0,720170.0,16254.0
Supplementary Data 3 (MOESM6_ESM.xlsx),KO,E7.5_rep2,GRaNIE,0.4081246986146047,0.08766259258386104,0.09090806296421187,300992.0,11906.0,277.0,11629.0,55.0,15463.0,720170.0,554.0
Supplementary Data 3 (MOESM6_ESM.xlsx),KO,E8.5_rep1,CellOracle,0.5893609376432786,0.08756291415619886,0.09017451954575076,417442.0,28854.0,1462.0,27392.0,55.0,14686.0,743974.0,2924.0
Supplementary Data 3 (MOESM6_ESM.xlsx),KO,E8.5_rep1,SCENIC+,0.6188546482712889,0.09171234739933978,0.0914300073813011,30605.0,1962.0,233.0,1729.0,55.0,14686.0,743974.0,466.0
Supplementary Data 3 (MOESM6_ESM.xlsx),KO,E8.5_rep1,Pando-GLM,0.5267610275205762,0.0951474189438952,0.09029772396175532,85191.0,4563.0,864.0,3699.0,55.0,14686.0,743974.0,1728.0
Supplementary Data 3 (MOESM6_ESM.xlsx),KO,E8.5_rep1,Pando-XGB,0.5791709805307946,0.09540862746785488,0.09109258446036315,78517.0,4241.0,796.0,3445.0,55.0,14686.0,743974.0,1592.0
Supplementary Data 3 (MOESM6_ESM.xlsx),KO,E8.5_rep1,LINGER,0.4826085312477519,0.09541284652415656,0.0913572267800768,2813930.0,126525.0,12282.0,114243.0,55.0,14686.0,743974.0,24564.0
Supplementary Data 3 (MOESM6_ESM.xlsx),KO,E8.5_rep1,FigR,0.5299542256822615,0.0970413286688443,0.09098891260684706,1061679.0,43853.0,4764.0,39089.0,55.0,14686.0,743974.0,9528.0
Supplementary Data 3 (MOESM6_ESM.xlsx),KO,E8.5_rep1,TRIPOD,0.5399167123535198,0.1059876727620805,0.0910909307666354,1587651.0,78075.0,9679.0,68396.0,55.0,14686.0,743974.0,19358.0
Supplementary Data 3 (MOESM6_ESM.xlsx),KO,E8.5_rep1,GRaNIE,0.4043036485074978,0.08870092296570578,0.09111994123848333,412265.0,14513.0,811.0,13702.0,55.0,14686.0,743974.0,1622.0
Supplementary Data 3 (MOESM6_ESM.xlsx),KO,E8.5_rep2,CellOracle,0.6020443119310622,0.09001375052836959,0.09049701858296168,469955.0,35354.0,2518.0,32836.0,55.0,15211.0,800668.0,5036.0
Supplementary Data 3 (MOESM6_ESM.xlsx),KO,E8.5_rep2,SCENIC+,0.5640123456790124,0.09179618542844528,0.09095263947081712,35800.0,2055.0,270.0,1785.0,55.0,15211.0,800668.0,540.0
Supplementary Data 3 (MOESM6_ESM.xlsx),KO,E8.5_rep2,Pando-GLM,0.5587588830174927,0.0980077443271406,0.09184540499092496,162615.0,8160.0,1568.0,6592.0,55.0,15211.0,800668.0,3136.0
Supplementary Data 3 (MOESM6_ESM.xlsx),KO,E8.5_rep2,Pando-XGB,0.5452767139765101,0.09763411526935878,0.09076044381011628,143972.0,7299.0,1409.0,5890.0,55.0,15211.0,800668.0,2818.0
Supplementary Data 3 (MOESM6_ESM.xlsx),KO,E8.5_rep2,LINGER,0.4751511830694816,0.09733125366533318,0.0911197241599076,3184675.0,146763.0,15652.0,131111.0,55.0,15211.0,800668.0,31304.0
Supplementary Data 3 (MOESM6_ESM.xlsx),KO,E8.5_rep2,FigR,0.5441741354721229,0.100140850222976,0.09034146640582812,1101409.0,48203.0,5972.0,42231.0,55.0,15211.0,800668.0,11944.0
Supplementary Data 3 (MOESM6_ESM.xlsx),KO,E8.5_rep2,TRIPOD,0.5786140615585811,0.1176622209070575,0.09088893505074312,1749291.0,83173.0,12258.0,70915.0,55.0,15211.0,800668.0,24516.0
Supplementary Data 3 (MOESM6_ESM.xlsx),KO,E8.5_rep2,GRaNIE,0.3112021002892915,0.08854849261243115,0.09082898478261314,458676.0,12880.0,647.0,12233.0,55.0,15211.0,800668.0,1294.0
Supplementary Data 3 (MOESM6_ESM.xlsx),KO,Naive_mESC,CellOracle,0.5594325597932646,0.1098773857184219,0.1095957076451579,97335.0,6093.0,623.0,5470.0,37.0,15476.0,572612.0,1246.0
Supplementary Data 3 (MOESM6_ESM.xlsx),KO,Naive_mESC,SCENIC+,0.2916666666666666,0.1100743876363778,0.1100319282906419,118.0,21.0,6.0,15.0,37.0,15476.0,572612.0,12.0
Supplementary Data 3 (MOESM6_ESM.xlsx),KO,Naive_mESC,Pando-GLM,0.4629889812249923,0.1132721640787936,0.1096515542985752,65289.0,8884.0,1425.0,7459.0,37.0,15476.0,572612.0,2850.0
Supplementary Data 3 (MOESM6_ESM.xlsx),KO,Naive_mESC,Pando-XGB,0.5055153791209792,0.1138531301679743,0.1099208654636961,60865.0,8635.0,1406.0,7229.0,37.0,15476.0,572612.0,2812.0
Supplementary Data 3 (MOESM6_ESM.xlsx),KO,Naive_mESC,LINGER,0.5956018597245682,0.1122394858203001,0.1100398833728082,1818648.0,6444.0,891.0,5553.0,37.0,15476.0,572612.0,1782.0
Supplementary Data 3 (MOESM6_ESM.xlsx),KO,Naive_mESC,FigR,0.470694351159414,0.1109320167426639,0.1096850191038011,458645.0,23540.0,2826.0,20714.0,37.0,15476.0,572612.0,5652.0
Supplementary Data 3 (MOESM6_ESM.xlsx),KO,Naive_mESC,TRIPOD,0.5229496091619897,0.1213256673984828,0.1099436657640609,1024909.0,58283.0,8603.0,49680.0,37.0,15476.0,572612.0,17206.0
Supplementary Data 3 (MOESM6_ESM.xlsx),KO,Naive_mESC,GRaNIE,0.4919363386345596,0.1133266295427392,0.1099010217287084,582470.0,31440.0,4068.0,27372.0,37.0,15476.0,572612.0,8136.0
Supplementary Data 4 (MOESM7_ESM.xlsx),Union,K562,CellOracle,0.5211905565007819,0.2927304240720686,0.2441189830469549,588642.0,256948.0,133377.0,123571.0,226.0,28766.0,6501116.0,247142.0
Supplementary Data 4 (MOESM7_ESM.xlsx),Union,K562,SCENIC+,0.4731687139705825,0.2449817405574312,0.2440202105065429,10047.0,3581.0,1563.0,2018.0,226.0,28766.0,6501116.0,3126.0
Supplementary Data 4 (MOESM7_ESM.xlsx),Union,K562,Pando-GLM,0.5704553704007302,0.2606390704079262,0.2442887931826543,276343.0,72322.0,35504.0,36818.0,226.0,28766.0,6501116.0,71008.0
Supplementary Data 4 (MOESM7_ESM.xlsx),Union,K562,Pando-XGB,0.5217482246030949,0.258513470149639,0.243910667570937,254136.0,66945.0,32588.0,34357.0,226.0,28766.0,6501116.0,65176.0
Supplementary Data 4 (MOESM7_ESM.xlsx),Union,K562,LINGER,0.5247599393910861,0.3442747952910213,0.2442201551486671,2122164.0,794485.0,388601.0,405884.0,226.0,28766.0,6501116.0,777202.0
Supplementary Data 4 (MOESM7_ESM.xlsx),Union,K562,FigR,0.4971840697295529,0.2883492561453426,0.2443384245409346,1314030.0,294451.0,142039.0,152412.0,226.0,28766.0,6501116.0,284078.0
Supplementary Data 4 (MOESM7_ESM.xlsx),Union,K562,TRIPOD,0.5100536710809828,0.3220290746924644,0.2443685282012343,1131249.0,448735.0,238167.0,210568.0,226.0,28766.0,6501116.0,421136.0
Supplementary Data 4 (MOESM7_ESM.xlsx),Union,K562,GRaNIE,0.5262971868425079,0.2812681931981076,0.2441750754241319,818216.0,205275.0,101699.0,103576.0,226.0,28766.0,6501116.0,203398.0
Supplementary Data 4 (MOESM7_ESM.xlsx),Union,E7.5_rep1,CellOracle,0.516805502991751,0.1623326917946371,0.1307949450625012,472258.0,142587.0,58078.0,84509.0,272.0,28565.0,7769680.0,116156.0
Supplementary Data 4 (MOESM7_ESM.xlsx),Union,E7.5_rep1,SCENIC+,0.4330170505828646,0.1316770927767484,0.1308115233284718,26388.0,4313.0,1439.0,2874.0,272.0,28565.0,7769680.0,2878.0
Supplementary Data 4 (MOESM7_ESM.xlsx),Union,E7.5_rep1,Pando-GLM,0.4684788514274575,0.134550253621565,0.1307499982893234,84971.0,14357.0,5529.0,8828.0,272.0,28565.0,7769680.0,11058.0
Supplementary Data 4 (MOESM7_ESM.xlsx),Union,E7.5_rep1,Pando-XGB,0.5165881057073941,0.1344636300491072,0.1308999780668056,78171.0,13292.0,5166.0,8126.0,272.0,28565.0,7769680.0,10332.0
Supplementary Data 4 (MOESM7_ESM.xlsx),Union,E7.5_rep1,LINGER,0.6329604099359136,0.2050497415694203,0.1307196199395242,2838330.0,599544.0,181537.0,418007.0,272.0,28565.0,7769680.0,363074.0
Supplementary Data 4 (MOESM7_ESM.xlsx),Union,E7.5_rep1,FigR,0.5159794880880846,0.1522878463689684,0.1309447352890352,1033866.0,181136.0,55218.0,125918.0,272.0,28565.0,7769680.0,110436.0
Supplementary Data 4 (MOESM7_ESM.xlsx),Union,E7.5_rep1,TRIPOD,0.5068898552218664,0.1675991122229531,0.1307392027225165,1587585.0,327311.0,105519.0,221792.0,272.0,28565.0,7769680.0,211038.0
Supplementary Data 4 (MOESM7_ESM.xlsx),Union,E7.5_rep1,GRaNIE,0.5550948565185224,0.1591506222579567,0.1307587754746029,369394.0,98256.0,42878.0,55378.0,272.0,28565.0,7769680.0,85756.0
Supplementary Data 4 (MOESM7_ESM.xlsx),Union,E7.5_rep2,CellOracle,0.4916841578527144,0.1533846939080659,0.1282772993005669,313984.0,102306.0,42808.0,59498.0,272.0,28294.0,7695968.0,85616.0
Supplementary Data 4 (MOESM7_ESM.xlsx),Union,E7.5_rep2,SCENIC+,0.4534843962601257,0.1298446860551897,0.1283122564705312,19078.0,3591.0,1643.0,1948.0,272.0,28294.0,7695968.0,3286.0
Supplementary Data 4 (MOESM7_ESM.xlsx),Union,E7.5_rep2,Pando-GLM,0.4184005256016781,0.1301014975618462,0.1282683250962666,36017.0,5233.0,2199.0,3034.0,272.0,28294.0,7695968.0,4398.0
Supplementary Data 4 (MOESM7_ESM.xlsx),Union,E7.5_rep2,Pando-XGB,0.5258499995728037,0.1301948326690796,0.128500000956219,33105.0,4873.0,2081.0,2792.0,272.0,28294.0,7695968.0,4162.0
Supplementary Data 4 (MOESM7_ESM.xlsx),Union,E7.5_rep2,LINGER,0.6289631289537984,0.1918411465186448,0.128184704369185,1877680.0,437436.0,138781.0,298655.0,272.0,28294.0,7695968.0,277562.0
Supplementary Data 4 (MOESM7_ESM.xlsx),Union,E7.5_rep2,FigR,0.5046414422576222,0.1462546573790409,0.1283386991660559,632075.0,122968.0,39998.0,82970.0,272.0,28294.0,7695968.0,79996.0
Supplementary Data 4 (MOESM7_ESM.xlsx),Union,E7.5_rep2,TRIPOD,0.5164244136014072,0.1598110284060164,0.128214462285225,1035879.0,221901.0,74135.0,147766.0,272.0,28294.0,7695968.0,148270.0
Supplementary Data 4 (MOESM7_ESM.xlsx),Union,E7.5_rep2,GRaNIE,0.5852614750374532,0.1509983591609041,0.1282973605735697,300992.0,82316.0,32977.0,49339.0,272.0,28294.0,7695968.0,65954.0
Supplementary Data 4 (MOESM7_ESM.xlsx),Union,E8.5_rep1,CellOracle,0.4702049484759717,0.1585097331222483,0.1321810572995238,417442.0,128272.0,50654.0,77618.0,272.0,27395.0,7451440.0,101308.0
Supplementary Data 4 (MOESM7_ESM.xlsx),Union,E8.5_rep1,SCENIC+,0.4250515775475651,0.1330858536660455,0.1323967361993141,30605.0,5291.0,1551.0,3740.0,272.0,27395.0,7451440.0,3102.0
Supplementary Data 4 (MOESM7_ESM.xlsx),Union,E8.5_rep1,Pando-GLM,0.4118605849154154,0.1352433530022911,0.132252338798125,85191.0,12527.0,4617.0,7910.0,272.0,27395.0,7451440.0,9234.0
Supplementary Data 4 (MOESM7_ESM.xlsx),Union,E8.5_rep1,Pando-XGB,0.528506910591533,0.1354872568690713,0.1324299869318311,78517.0,11663.0,4408.0,7255.0,272.0,27395.0,7451440.0,8816.0
Supplementary Data 4 (MOESM7_ESM.xlsx),Union,E8.5_rep1,LINGER,0.643859027997478,0.1953125470489553,0.1321282039165044,2813930.0,531944.0,150566.0,381378.0,272.0,27395.0,7451440.0,301132.0
Supplementary Data 4 (MOESM7_ESM.xlsx),Union,E8.5_rep1,FigR,0.5014136748237787,0.1490739292196713,0.1323299773709457,1061679.0,167523.0,47586.0,119937.0,272.0,27395.0,7451440.0,95172.0
Supplementary Data 4 (MOESM7_ESM.xlsx),Union,E8.5_rep1,TRIPOD,0.5062607186605864,0.1572971578559086,0.1321386073687694,1587651.0,284246.0,79991.0,204255.0,272.0,27395.0,7451440.0,159982.0
Supplementary Data 4 (MOESM7_ESM.xlsx),Union,E8.5_rep1,GRaNIE,0.5941811915605257,0.1577258456914195,0.13216550868041,412265.0,103908.0,40805.0,63103.0,272.0,27395.0,7451440.0,81610.0
Supplementary Data 4 (MOESM7_ESM.xlsx),Union,E8.5_rep2,CellOracle,0.5046020486619294,0.1614561676024485,0.1320109954139957,469955.0,145658.0,56523.0,89135.0,272.0,27638.0,7517536.0,113046.0
Supplementary Data 4 (MOESM7_ESM.xlsx),Union,E8.5_rep2,SCENIC+,0.4705787036421016,0.1331982967551637,0.1321558688502313,35800.0,6034.0,1839.0,4195.0,272.0,27638.0,7517536.0,3678.0
Supplementary Data 4 (MOESM7_ESM.xlsx),Union,E8.5_rep2,Pando-GLM,0.4288895212948264,0.1373979922620062,0.1322699550374717,162615.0,24868.0,8990.0,15878.0,272.0,27638.0,7517536.0,17980.0
Supplementary Data 4 (MOESM7_ESM.xlsx),Union,E8.5_rep2,Pando-XGB,0.5373263717070736,0.1381079870403551,0.1322242578278676,143972.0,22358.0,8470.0,13888.0,272.0,27638.0,7517536.0,16940.0
Supplementary Data 4 (MOESM7_ESM.xlsx),Union,E8.5_rep2,LINGER,0.6367210727437767,0.1921683691932883,0.1319725721246227,3184675.0,589372.0,160537.0,428835.0,272.0,27638.0,7517536.0,321074.0
Supplementary Data 4 (MOESM7_ESM.xlsx),Union,E8.5_rep2,FigR,0.4974262661903536,0.1483705158434643,0.131787936767377,1101409.0,174848.0,48580.0,126268.0,272.0,27638.0,7517536.0,97160.0
Supplementary Data 4 (MOESM7_ESM.xlsx),Union,E8.5_rep2,TRIPOD,0.5343727886016465,0.1598746170732543,0.1323021198610887,1749291.0,300363.0,84542.0,215821.0,272.0,27638.0,7517536.0,169084.0
Supplementary Data 4 (MOESM7_ESM.xlsx),Union,E8.5_rep2,GRaNIE,0.6101169255905968,0.1568466631060966,0.1320613671187398,458676.0,106268.0,39962.0,66306.0,272.0,27638.0,7517536.0,79924.0
Supplementary Data 4 (MOESM7_ESM.xlsx),Union,Naive_mESC,CellOracle,0.5214423616304279,0.1435461404073144,0.1343419739521925,97335.0,31034.0,13024.0,18010.0,260.0,28833.0,7496580.0,26048.0
Supplementary Data 4 (MOESM7_ESM.xlsx),Union,Naive_mESC,SCENIC+,0.4783737024221454,0.134488390233641,0.1345457218034301,118.0,68.0,34.0,34.0,260.0,28833.0,7496580.0,68.0
Supplementary Data 4 (MOESM7_ESM.xlsx),Union,Naive_mESC,Pando-GLM,0.4592216032363627,0.1454940739031978,0.1345263218182182,65289.0,30619.0,14775.0,15844.0,260.0,28833.0,7496580.0,29550.0
Supplementary Data 4 (MOESM7_ESM.xlsx),Union,Naive_mESC,Pando-XGB,0.5306576616701827,0.1460516824213791,0.1344491902352446,60865.0,29447.0,14225.0,15222.0,260.0,28833.0,7496580.0,28450.0
Supplementary Data 4 (MOESM7_ESM.xlsx),Union,Naive_mESC,LINGER,0.474510564513088,0.1415159435105086,0.1344977738190137,1818648.0,52896.0,16031.0,36865.0,260.0,28833.0,7496580.0,32062.0
Supplementary Data 4 (MOESM7_ESM.xlsx),Union,Naive_mESC,FigR,0.4960455355551111,0.1506230460234443,0.1344385660595399,458645.0,96088.0,33538.0,62550.0,260.0,28833.0,7496580.0,67076.0
Supplementary Data 4 (MOESM7_ESM.xlsx),Union,Naive_mESC,TRIPOD,0.5227496753555909,0.1712021891463272,0.1342769231321746,1024909.0,219567.0,80581.0,138986.0,260.0,28833.0,7496580.0,161162.0
Supplementary Data 4 (MOESM7_ESM.xlsx),Union,Naive_mESC,GRaNIE,0.5516558718521539,0.162421603563854,0.1341753713093416,582470.0,141210.0,52037.0,89173.0,260.0,28833.0,7496580.0,104074.0
Supplementary Data 5 (MOESM8_ESM.xlsx),Intersection,K562,CellOracle,0.4433135693002691,0.1058323110053506,0.119167381892682,588642.0,15728.0,816.0,14912.0,20.0,8305.0,166100.0,1632.0
Supplementary Data 5 (MOESM8_ESM.xlsx),Intersection,K562,SCENIC+,0.4444444444444444,0.118980501394745,0.1202837337179467,10047.0,213.0,3.0,210.0,20.0,8305.0,166100.0,6.0
Supplementary Data 5 (MOESM8_ESM.xlsx),Intersection,K562,Pando-GLM,0.528923259964307,0.1136782102109818,0.1205107375830879,276343.0,4368.0,205.0,4163.0,20.0,8305.0,166100.0,410.0
Supplementary Data 5 (MOESM8_ESM.xlsx),Intersection,K562,Pando-XGB,0.4449497878575135,0.1138461095069138,0.1186975727068482,254136.0,4035.0,181.0,3854.0,20.0,8305.0,166100.0,362.0
Supplementary Data 5 (MOESM8_ESM.xlsx),Intersection,K562,LINGER,0.3594649474826478,0.09889655228106052,0.1184294110257296,2122164.0,50932.0,4420.0,46512.0,20.0,8305.0,166100.0,8840.0
Supplementary Data 5 (MOESM8_ESM.xlsx),Intersection,K562,FigR,0.4422060094876335,0.1110724986152538,0.1201215719871799,1314030.0,15214.0,1278.0,13936.0,20.0,8305.0,166100.0,2556.0
Supplementary Data 5 (MOESM8_ESM.xlsx),Intersection,K562,TRIPOD,0.4981456765386414,0.1148517070403227,0.1193065127103858,1131249.0,26299.0,2768.0,23531.0,20.0,8305.0,166100.0,5536.0
Supplementary Data 5 (MOESM8_ESM.xlsx),Intersection,K562,GRaNIE,0.4721663162896191,0.1195638312754009,0.1196030482453216,818216.0,13582.0,1703.0,11879.0,20.0,8305.0,166100.0,3406.0
Supplementary Data 5 (MOESM8_ESM.xlsx),Intersection,E7.5_rep1,CellOracle,0.5178497383396723,0.09097049783531308,0.08979163208162858,472258.0,19050.0,1496.0,17554.0,26.0,7871.0,176044.0,2992.0
Supplementary Data 5 (MOESM8_ESM.xlsx),Intersection,E7.5_rep1,SCENIC+,0.5402183280666475,0.09150266254732908,0.0901473664565066,26388.0,615.0,59.0,556.0,26.0,7871.0,176044.0,118.0
Supplementary Data 5 (MOESM8_ESM.xlsx),Intersection,E7.5_rep1,Pando-GLM,0.5263559304682541,0.09446189718741815,0.09158389068280798,84971.0,3896.0,442.0,3454.0,26.0,7871.0,176044.0,884.0
Supplementary Data 5 (MOESM8_ESM.xlsx),Intersection,E7.5_rep1,Pando-XGB,0.469437638683432,0.09445652933310608,0.09099698834619414,78171.0,3493.0,416.0,3077.0,26.0,7871.0,176044.0,832.0
Supplementary Data 5 (MOESM8_ESM.xlsx),Intersection,E7.5_rep1,LINGER,0.5147927564469469,0.112453940678235,0.0920060752548075,2838330.0,71808.0,7661.0,64147.0,26.0,7871.0,176044.0,15322.0
Supplementary Data 5 (MOESM8_ESM.xlsx),Intersection,E7.5_rep1,FigR,0.5556858236956354,0.112792895021428,0.0904611692305226,1033866.0,28018.0,3054.0,24964.0,26.0,7871.0,176044.0,6108.0
Supplementary Data 5 (MOESM8_ESM.xlsx),Intersection,E7.5_rep1,TRIPOD,0.5533523426011129,0.1396503384465017,0.09002404327291652,1587585.0,49303.0,6820.0,42483.0,26.0,7871.0,176044.0,13640.0
Supplementary Data 5 (MOESM8_ESM.xlsx),Intersection,E7.5_rep1,GRaNIE,0.3484739488965873,0.1087859531658396,0.09103243234512562,369394.0,6682.0,1351.0,5331.0,26.0,7871.0,176044.0,2702.0
Supplementary Data 5 (MOESM8_ESM.xlsx),Intersection,E7.5_rep2,CellOracle,0.4763893723169741,0.08666083054794149,0.09043130916616995,313984.0,12212.0,663.0,11549.0,26.0,7396.0,156145.0,1326.0
Supplementary Data 5 (MOESM8_ESM.xlsx),Intersection,E7.5_rep2,SCENIC+,0.5415805785123967,0.09154024610818244,0.09079694833256596,19078.0,464.0,44.0,420.0,26.0,7396.0,156145.0,88.0
Supplementary Data 5 (MOESM8_ESM.xlsx),Intersection,E7.5_rep2,Pando-GLM,0.5372085048010974,0.09216352708181914,0.0911168866431291,36017.0,1031.0,108.0,923.0,26.0,7396.0,156145.0,216.0
Supplementary Data 5 (MOESM8_ESM.xlsx),Intersection,E7.5_rep2,Pando-XGB,0.4328143021914648,0.0919739891066682,0.09158214144174914,33105.0,943.0,102.0,841.0,26.0,7396.0,156145.0,204.0
Supplementary Data 5 (MOESM8_ESM.xlsx),Intersection,E7.5_rep2,LINGER,0.5061888246602388,0.1083785117128138,0.09012395776114612,1877680.0,47853.0,4894.0,42959.0,26.0,7396.0,156145.0,9788.0
Supplementary Data 5 (MOESM8_ESM.xlsx),Intersection,E7.5_rep2,FigR,0.5300285604560725,0.1021745793655887,0.09160579991788868,632075.0,17669.0,1794.0,15875.0,26.0,7396.0,156145.0,3588.0
Supplementary Data 5 (MOESM8_ESM.xlsx),Intersection,E7.5_rep2,TRIPOD,0.5056461591210626,0.1218259889653056,0.09138839426582772,1035879.0,32144.0,4144.0,28000.0,26.0,7396.0,156145.0,8288.0
Supplementary Data 5 (MOESM8_ESM.xlsx),Intersection,E7.5_rep2,GRaNIE,0.4755550375852223,0.08707269070139144,0.09121330203654014,300992.0,4320.0,131.0,4189.0,26.0,7396.0,156145.0,262.0
Supplementary Data 5 (MOESM8_ESM.xlsx),Intersection,E8.5_rep1,CellOracle,0.4282757220535273,0.08223181101697334,0.0909532972472406,417442.0,13947.0,476.0,13471.0,26.0,6883.0,143594.0,952.0
Supplementary Data 5 (MOESM8_ESM.xlsx),Intersection,E8.5_rep1,SCENIC+,0.6373924852874604,0.0909544686665993,0.08969797417562093,30605.0,755.0,47.0,708.0,26.0,6883.0,143594.0,94.0
Supplementary Data 5 (MOESM8_ESM.xlsx),Intersection,E8.5_rep1,Pando-GLM,0.4729719961254319,0.0934201980083035,0.09237705368078789,85191.0,2492.0,263.0,2229.0,26.0,6883.0,143594.0,526.0
Supplementary Data 5 (MOESM8_ESM.xlsx),Intersection,E8.5_rep1,Pando-XGB,0.585216935206281,0.0941747028274572,0.09049675415626178,78517.0,2305.0,247.0,2058.0,26.0,6883.0,143594.0,494.0
Supplementary Data 5 (MOESM8_ESM.xlsx),Intersection,E8.5_rep1,LINGER,0.5847905949687341,0.1044986507286446,0.09158895812587696,2813930.0,44670.0,3706.0,40964.0,26.0,6883.0,143594.0,7412.0
Supplementary Data 5 (MOESM8_ESM.xlsx),Intersection,E8.5_rep1,FigR,0.49726656,0.09070512969192512,0.0922850694011441,1061679.0,17888.0,1250.0,16638.0,26.0,6883.0,143594.0,2500.0
Supplementary Data 5 (MOESM8_ESM.xlsx),Intersection,E8.5_rep1,TRIPOD,0.5234318202747901,0.1033870372010606,0.09097902635739293,1587651.0,32237.0,3093.0,29144.0,26.0,6883.0,143594.0,6186.0
Supplementary Data 5 (MOESM8_ESM.xlsx),Intersection,E8.5_rep1,GRaNIE,0.5551799395622844,0.0929383546232522,0.09134664388359626,412265.0,4332.0,362.0,3970.0,26.0,6883.0,143594.0,724.0
Supplementary Data 5 (MOESM8_ESM.xlsx),Intersection,E8.5_rep2,CellOracle,0.5703686595808877,0.08954705452415289,0.08949156479966969,469955.0,18356.0,1134.0,17222.0,26.0,7338.0,157069.0,2268.0
Supplementary Data 5 (MOESM8_ESM.xlsx),Intersection,E8.5_rep2,SCENIC+,0.5293523545006944,0.09168551050961812,0.09145171188291085,35800.0,954.0,89.0,865.0,26.0,7338.0,157069.0,178.0
Supplementary Data 5 (MOESM8_ESM.xlsx),Intersection,E8.5_rep2,Pando-GLM,0.5399661243863848,0.09956743377599932,0.0914655713108874,162615.0,4754.0,628.0,4126.0,26.0,7338.0,157069.0,1256.0
Supplementary Data 5 (MOESM8_ESM.xlsx),Intersection,E8.5_rep2,Pando-XGB,0.5417592206950808,0.100197851842765,0.08984277837695595,143972.0,4237.0,588.0,3649.0,26.0,7338.0,157069.0,1176.0
Supplementary Data 5 (MOESM8_ESM.xlsx),Intersection,E8.5_rep2,LINGER,0.5637879760625353,0.1101259139694646,0.09118979903467206,3184675.0,56616.0,5323.0,51293.0,26.0,7338.0,157069.0,10646.0
Supplementary Data 5 (MOESM8_ESM.xlsx),Intersection,E8.5_rep2,FigR,0.5268844949118304,0.0966182416525049,0.09153690550919603,1101409.0,21821.0,1879.0,19942.0,26.0,7338.0,157069.0,3758.0
Supplementary Data 5 (MOESM8_ESM.xlsx),Intersection,E8.5_rep2,TRIPOD,0.5912504264791467,0.1389502955409492,0.08901209230075591,1749291.0,34427.0,4604.0,29823.0,26.0,7338.0,157069.0,9208.0
Supplementary Data 5 (MOESM8_ESM.xlsx),Intersection,E8.5_rep2,GRaNIE,0.4839456312514023,0.0933700139310218,0.08908024065511291,458676.0,3047.0,291.0,2756.0,26.0,7338.0,157069.0,582.0
Supplementary Data 5 (MOESM8_ESM.xlsx),Intersection,Naive_mESC,CellOracle,0.6128018573128763,0.09704132955024412,0.09444272093021572,97335.0,4034.0,413.0,3621.0,22.0,8117.0,178574.0,826.0
Supplementary Data 5 (MOESM8_ESM.xlsx),Intersection,Naive_mESC,SCENIC+,0.4999999999999999,0.09566167448323933,0.09562695362560136,118.0,18.0,3.0,15.0,22.0,8117.0,178574.0,6.0
Supplementary Data 5 (MOESM8_ESM.xlsx),Intersection,Naive_mESC,Pando-GLM,0.4276651587868216,0.1048492341233364,0.09511164864496224,65289.0,7102.0,1171.0,5931.0,22.0,8117.0,178574.0,2342.0
Supplementary Data 5 (MOESM8_ESM.xlsx),Intersection,Naive_mESC,Pando-XGB,0.5111722044189576,0.1077386667647888,0.09571495125601216,60865.0,6921.0,1155.0,5766.0,22.0,8117.0,178574.0,2310.0
Supplementary Data 5 (MOESM8_ESM.xlsx),Intersection,Naive_mESC,LINGER,0.7470312080085998,0.1056247200108122,0.0960367354580396,1818648.0,3432.0,488.0,2944.0,22.0,8117.0,178574.0,976.0
Supplementary Data 5 (MOESM8_ESM.xlsx),Intersection,Naive_mESC,FigR,0.4831651534143428,0.09850101435922576,0.09723047318328414,458645.0,14708.0,1637.0,13071.0,22.0,8117.0,178574.0,3274.0
Supplementary Data 5 (MOESM8_ESM.xlsx),Intersection,Naive_mESC,TRIPOD,0.5230675291186873,0.1239453200480065,0.09631976848410996,1024909.0,36221.0,5402.0,30819.0,22.0,8117.0,178574.0,10804.0
Supplementary Data 5 (MOESM8_ESM.xlsx),Intersection,Naive_mESC,GRaNIE,0.5031436544372002,0.1043783224195381,0.09539924336838115,582470.0,19441.0,2415.0,17026.0,22.0,8117.0,178574.0,4830.0
