Method,GT_total_edges,GT_TFs,GT_targets,Original_network_size,Filtered_network_size,Final_network_size,Inferred_TFs,Inferred_targets,TP,FP,FN,Precision,Recall,F1_score,Common_TFs,Common_targets,dataset
CellOracle,1377816,150,27747,588642,215375,10000,97,3764,6747,3253,1371069,0.6747,0.0049,0.0097,97,3764,K562
DIRECT-NET,1377816,150,27747,703264,332271,10000,59,342,5747,4253,1372069,0.5747,0.0042,0.0083,59,342,K562
FigR,1377816,150,27747,1314030,261330,10000,103,4078,5617,4383,1372199,0.5617,0.0041,0.0081,103,4078,K562
GRaNIE,1377816,150,27747,818216,182307,10000,50,2905,5533,4467,1372283,0.5533,0.004,0.008,50,2905,K562
LINGER,1377816,150,27747,2122164,707264,10000,86,1332,5869,4131,1371947,0.5869,0.0043,0.0085,86,1332,K562
Pando-GLM,1377816,150,27747,1088137,241716,10000,107,158,2025,944,1375791,0.682,0.0015,0.0029,107,158,K562
Pando-XGB,1377816,150,27747,254136,59356,10000,109,4332,5703,4297,1372113,0.5703,0.0041,0.0082,109,4332,K562
SCENIC+,1377816,150,27747,17771,6462,6462,19,2069,1522,1501,1376294,0.5035,0.0011,0.0022,19,2069,K562
TRIPOD,1377816,150,27747,1131706,416549,10000,76,4747,5745,4255,1372071,0.5745,0.0042,0.0083,76,4747,K562
CellOracle,166864,23,26693,500316,28611,10000,14,5445,4475,5525,162389,0.4475,0.0268,0.0506,14,5445,Mac-S1
DIRECT-NET,166864,23,26693,599244,31115,10000,6,4746,6471,3529,160393,0.6471,0.0388,0.0732,6,4746,Mac-S1
FigR,166864,23,26693,1192625,29307,10000,12,4828,4030,5970,162834,0.403,0.0242,0.0456,12,4828,Mac-S1
GRaNIE,166864,23,26693,213532,1458,1458,4,1399,50,1408,166814,0.0343,0.0003,0.0006,4,1399,Mac-S1
LINGER,166864,23,26693,2025465,101232,10000,12,2226,4769,5231,162095,0.4769,0.0286,0.0539,12,2226,Mac-S1
Pando-GLM,166864,23,26693,703290,25191,10000,12,2703,2433,1974,164431,0.5521,0.0146,0.0284,12,2703,Mac-S1
Pando-XGB,166864,23,26693,197651,7079,7079,12,4349,3709,3370,163155,0.5239,0.0222,0.0426,12,4349,Mac-S1
SCENIC+,166864,23,26693,33629,2237,2237,5,1342,1355,181,165509,0.8822,0.0081,0.0161,5,1342,Mac-S1
TRIPOD,166864,23,26693,962779,49962,10000,11,5264,5503,4497,161361,0.5503,0.033,0.0622,11,5264,Mac-S1
CellOracle,166514,23,26692,425690,22534,10000,13,5457,5114,4886,161400,0.5114,0.0307,0.0579,13,5457,Mac-S2
DIRECT-NET,166514,23,26692,578001,32121,10000,6,4576,6401,3599,160113,0.6401,0.0384,0.0725,6,4576,Mac-S2
FigR,166514,23,26692,956282,24986,10000,11,4652,4440,5560,162074,0.444,0.0267,0.0503,11,4652,Mac-S2
GRaNIE,166514,23,26692,213761,2088,2088,6,2026,140,1948,166374,0.067,0.0008,0.0017,6,2026,Mac-S2
LINGER,166514,23,26692,1683966,84788,10000,11,2382,4597,5403,161917,0.4597,0.0276,0.0521,11,2382,Mac-S2
Pando-GLM,166514,23,26692,29806,832,832,11,661,483,219,166031,0.688,0.0029,0.0058,11,661,Mac-S2
Pando-XGB,166514,23,26692,95798,2957,2957,11,2341,1637,1320,164877,0.5536,0.0098,0.0193,11,2341,Mac-S2
SCENIC+,166514,23,26692,77049,9417,9417,5,2573,1567,1654,164947,0.4865,0.0094,0.0185,5,2573,Mac-S2
TRIPOD,166514,23,26692,838051,43312,10000,10,5135,5621,4375,160893,0.5623,0.0338,0.0637,10,5135,Mac-S2
CellOracle,122192,75,23538,222888,20987,10000,13,3752,2440,7560,119752,0.244,0.02,0.0369,13,3752,iPSC
DIRECT-NET,122192,75,23538,284860,21929,10000,5,3224,3156,6844,119036,0.3156,0.0258,0.0477,5,3224,iPSC
FigR,122192,75,23538,261636,8912,8912,8,2641,1242,7670,120950,0.1394,0.0102,0.0189,8,2641,iPSC
GRaNIE,122192,75,23538,164602,4912,4912,5,3354,1470,3442,120722,0.2993,0.012,0.0231,5,3354,iPSC
LINGER,122192,75,23538,533750,33232,10000,8,2636,1869,8131,120323,0.1869,0.0153,0.0283,8,2636,iPSC
Pando-GLM,122192,75,23538,333809,53926,10000,6,1585,127,2480,122065,0.0487,0.001,0.002,6,1585,iPSC
Pando-XGB,122192,75,23538,34719,3964,3964,6,2035,183,3781,122009,0.0462,0.0015,0.0029,6,2035,iPSC
SCENIC+,122192,75,23538,71888,7307,7307,5,1740,256,1876,121936,0.1201,0.0021,0.0041,5,1740,iPSC
TRIPOD,122192,75,23538,340527,19425,10000,5,3767,3506,6494,118686,0.3506,0.0287,0.053,5,3767,iPSC
CellOracle,954936,243,25303,472258,127612,10000,65,3988,4945,5055,949991,0.4945,0.0052,0.0102,65,3988,E7.5-Rep1
DIRECT-NET,954936,243,25303,219301,53944,10000,9,4421,5004,4996,949932,0.5004,0.0052,0.0104,9,4421,E7.5-Rep1
FigR,954936,243,25303,1033866,153843,10000,59,4735,3705,6295,951231,0.3705,0.0039,0.0077,59,4735,E7.5-Rep1
GRaNIE,954936,243,25303,369394,89103,10000,16,3278,6285,3715,948651,0.6285,0.0066,0.013,16,3278,E7.5-Rep1
LINGER,954936,243,25303,2838330,496595,10000,55,1310,6663,3337,948273,0.6663,0.007,0.0138,55,1310,E7.5-Rep1
Pando-GLM,954936,243,25303,349536,55324,10000,42,1655,1790,3250,953146,0.3552,0.0019,0.0037,42,1655,E7.5-Rep1
Pando-XGB,954936,243,25303,78171,11371,10000,41,2780,4007,5993,950929,0.4007,0.0042,0.0083,41,2780,E7.5-Rep1
SCENIC+,954936,243,25303,81831,9890,9890,42,2193,1308,2076,953628,0.3865,0.0014,0.0027,42,2193,E7.5-Rep1
TRIPOD,954936,243,25303,1588004,283082,10000,37,2172,2578,7422,952358,0.2578,0.0027,0.0053,37,2172,E7.5-Rep1
CellOracle,936318,243,25220,313984,91202,10000,58,3787,4720,5280,931598,0.472,0.005,0.01,58,3787,E7.5-Rep2
DIRECT-NET,936318,243,25220,114858,31267,10000,7,4296,4059,5941,932259,0.4059,0.0043,0.0086,7,4296,E7.5-Rep2
FigR,936318,243,25220,632075,104790,10000,53,4032,3640,6360,932678,0.364,0.0039,0.0077,53,4032,E7.5-Rep2
GRaNIE,936318,243,25220,300992,72304,10000,19,3373,6382,3618,929936,0.6382,0.0068,0.0135,19,3373,E7.5-Rep2
LINGER,936318,243,25220,1877680,367500,10000,49,1057,6422,3578,929896,0.6422,0.0069,0.0136,49,1057,E7.5-Rep2
Pando-GLM,936318,243,25220,146890,19964,10000,50,1556,1469,2045,934849,0.418,0.0016,0.0031,50,1556,E7.5-Rep2
Pando-XGB,936318,243,25220,33105,4130,4130,51,1901,1892,2238,934426,0.4581,0.002,0.004,51,1901,E7.5-Rep2
SCENIC+,936318,243,25220,63160,9424,9424,33,1991,1600,1553,934718,0.5075,0.0017,0.0034,33,1991,E7.5-Rep2
TRIPOD,936318,243,25220,1039092,193238,10000,32,3904,3887,6094,932431,0.3894,0.0042,0.0082,32,3904,E7.5-Rep2
CellOracle,930307,243,24776,417442,112031,10000,57,3638,4329,5671,925978,0.4329,0.0047,0.0092,57,3638,E8.5-Rep1
DIRECT-NET,930307,243,24776,183804,33653,10000,6,4454,4263,5737,926044,0.4263,0.0046,0.0091,6,4454,E8.5-Rep1
FigR,930307,243,24776,1061679,138373,10000,52,4946,2970,7030,927337,0.297,0.0032,0.0063,52,4946,E8.5-Rep1
GRaNIE,930307,243,24776,412265,89815,10000,17,2995,5651,4349,924656,0.5651,0.0061,0.012,17,2995,E8.5-Rep1
LINGER,930307,243,24776,2813930,430032,10000,48,1688,6761,3239,923546,0.6761,0.0073,0.0144,48,1688,E8.5-Rep1
Pando-GLM,930307,243,24776,346409,53464,10000,35,1834,1259,3316,929048,0.2752,0.0014,0.0027,35,1834,E8.5-Rep1
Pando-XGB,930307,243,24776,78517,9931,9931,35,3143,3859,6072,926448,0.3886,0.0041,0.0082,35,3143,E8.5-Rep1
SCENIC+,930307,243,24776,118361,15122,10000,43,2484,1275,2530,929032,0.3351,0.0014,0.0027,43,2484,E8.5-Rep1
TRIPOD,930307,243,24776,1587912,232168,10000,31,2159,2533,7467,927774,0.2533,0.0027,0.0054,31,2159,E8.5-Rep1
CellOracle,934338,243,24806,469955,128114,10000,61,3709,4484,5516,929854,0.4484,0.0048,0.0095,61,3709,E8.5-Rep2
DIRECT-NET,934338,243,24806,236798,55476,10000,9,4448,4994,5006,929344,0.4994,0.0053,0.0106,9,4448,E8.5-Rep2
FigR,934338,243,24806,1101409,146461,10000,53,4855,2692,7308,931646,0.2692,0.0029,0.0057,53,4855,E8.5-Rep2
GRaNIE,934338,243,24806,458676,91955,10000,15,3532,5935,4065,928403,0.5935,0.0064,0.0126,15,3532,E8.5-Rep2
LINGER,934338,243,24806,3184675,481134,10000,51,1292,6108,3892,928230,0.6108,0.0065,0.0129,51,1292,E8.5-Rep2
Pando-GLM,934338,243,24806,611449,104543,10000,46,2100,1555,4058,932783,0.277,0.0017,0.0033,46,2100,E8.5-Rep2
Pando-XGB,934338,243,24806,143972,19823,10000,36,3342,4042,5958,930296,0.4042,0.0043,0.0086,36,3342,E8.5-Rep2
SCENIC+,934338,243,24806,139833,19755,10000,44,2717,1439,2892,932899,0.3323,0.0015,0.0031,44,2717,E8.5-Rep2
TRIPOD,934338,243,24806,1749634,245394,10000,31,2074,2994,7006,931344,0.2994,0.0032,0.0063,31,2074,E8.5-Rep2
CellOracle,961923,245,25642,97335,28884,10000,63,1804,4541,5459,957382,0.4541,0.0047,0.0093,63,1804,Naive-mESC
DIRECT-NET,961923,245,25642,33805,10507,10000,7,1239,3123,4785,958800,0.3949,0.0032,0.0064,7,1239,Naive-mESC
FigR,961923,245,25642,458645,86613,10000,53,3226,3847,6153,958076,0.3847,0.004,0.0079,53,3226,Naive-mESC
GRaNIE,961923,245,25642,582470,127441,10000,33,2046,4915,5085,957008,0.4915,0.0051,0.0101,33,2046,Naive-mESC
LINGER,961923,245,25642,1818648,49648,10000,157,232,2751,7249,959172,0.2751,0.0029,0.0057,157,232,Naive-mESC
Pando-GLM,961923,245,25642,229356,125677,10000,41,1537,2912,3918,959011,0.4264,0.003,0.006,41,1537,Naive-mESC
Pando-XGB,961923,245,25642,60865,28973,10000,28,2014,5167,4833,956756,0.5167,0.0054,0.0106,28,2014,Naive-mESC
SCENIC+,961923,245,25642,118,62,62,11,26,31,31,961892,0.5,0.0,0.0001,11,26,Naive-mESC
TRIPOD,961923,245,25642,1024909,195640,10000,31,3360,4143,5857,957780,0.4143,0.0043,0.0085,31,3360,Naive-mESC
