Method,AUROC,AUPRC,AUPRC_random,n_total_edges,n_evaluable_edges,n_positives,n_negatives,dataset,condition
CellOracle,0.529345672470446,0.191130291825304,0.155509899187709,472258,127612,56834,70778,E7.5_rep1,Original
SCENIC+,0.414786914681704,0.156369052409682,0.155108713563994,26388,3384,1308,2076,E7.5_rep1,Original
Pando-GLM,0.457912241626795,0.158909836852214,0.155217353769651,84971,12286,4858,7428,E7.5_rep1,Original
Pando-XGB,0.500577490416032,0.15892228210535,0.15516010845385,78171,11371,4567,6804,E7.5_rep1,Original
LINGER,0.652111914297647,0.241029893078965,0.155519811351893,2838330,496595,172617,323978,E7.5_rep1,Original
FigR,0.507237582840204,0.177572072950698,0.155012843476773,1033866,153843,51360,102483,E7.5_rep1,Original
TRIPOD,0.491958494034984,0.192809829960895,0.155459114747532,1587585,282998,99226,183772,E7.5_rep1,Original
GRaNIE,0.56990940133311,0.1875673621475,0.155283467985626,369394,89103,42125,46978,E7.5_rep1,Original
CellOracle,0.50408605253077,0.181530769539295,0.152841951650721,313984,91202,42138,49064,E7.5_rep2,Original
SCENIC+,0.459444757026779,0.154542716548395,0.152759067131407,19078,3153,1600,1553,E7.5_rep2,Original
Pando-GLM,0.392285524128306,0.154591676938119,0.152871139055523,36017,4427,1989,2438,E7.5_rep2,Original
Pando-XGB,0.514426912693481,0.154710591138401,0.15269967314485,33105,4130,1892,2238,E7.5_rep2,Original
LINGER,0.643960022487548,0.224984871406359,0.152891383725511,1877680,367500,133059,234441,E7.5_rep2,Original
FigR,0.49959321193889,0.171902712547068,0.152811926216566,632075,104790,37683,67107,E7.5_rep2,Original
TRIPOD,0.514906401912203,0.185927086229829,0.152721387822518,1035879,192600,70152,122448,E7.5_rep2,Original
GRaNIE,0.595520526901089,0.179221678633555,0.152666527668282,300992,72304,32831,39473,E7.5_rep2,Original
CellOracle,0.480735827944746,0.185190130838831,0.154664708334773,417442,112031,49668,62363,E8.5_rep1,Original
SCENIC+,0.390582189483288,0.155483691704112,0.154834687907195,30605,4006,1365,2641,E8.5_rep1,Original
Pando-GLM,0.381986744258027,0.157320199905773,0.154420921894899,85191,10679,4016,6663,E8.5_rep1,Original
Pando-XGB,0.519914307668722,0.15764640249486,0.154344102879901,78517,9931,3859,6072,E8.5_rep1,Original
LINGER,0.658314872317292,0.227450642693851,0.154647354380388,2813930,430032,141990,288042,E8.5_rep1,Original
FigR,0.495627739827607,0.172570149269377,0.154271804101615,1061679,138373,44072,94301,E8.5_rep1,Original
TRIPOD,0.493775436187337,0.180697813887889,0.154425870009399,1587651,232132,73405,158727,E8.5_rep1,Original
GRaNIE,0.588561742262129,0.184305495083337,0.154556091293769,412265,89815,40356,49459,E8.5_rep1,Original
CellOracle,0.511595010664377,0.188341473362746,0.155176542618615,469955,128114,55139,72975,E8.5_rep2,Original
SCENIC+,0.42734171855288,0.156145670601384,0.155016375620578,35800,4941,1658,3283,E8.5_rep2,Original
Pando-GLM,0.401460962154237,0.1598859805585,0.154693043760296,162615,22051,8050,14001,E8.5_rep2,Original
Pando-XGB,0.533824460342924,0.160793287997097,0.155160676570316,143972,19823,7649,12174,E8.5_rep2,Original
LINGER,0.656175071767263,0.223934470290198,0.154739148329537,3184675,481134,150208,330926,E8.5_rep2,Original
FigR,0.490300324006625,0.171488302521942,0.155059280505876,1101409,146461,44487,101974,E8.5_rep2,Original
TRIPOD,0.525226086456937,0.183358698089186,0.155068512922597,1749291,245341,76888,168453,E8.5_rep2,Original
GRaNIE,0.621517835775557,0.184228051788454,0.155288165478504,458676,91955,39606,52349,E8.5_rep2,Original
CellOracle,0.538774488029926,0.389515036052365,0.331288311857103,588642,215375,131205,84170,K562,Original
SCENIC+,0.466248794385799,0.331995274557457,0.330796179869977,10047,3023,1522,1501,K562,Original
Pando-GLM,0.574725664746474,0.348499931561384,0.331085726309616,276343,64367,34889,29478,K562,Original
Pando-XGB,0.517974198448432,0.346043315820969,0.330851891593804,254136,59356,32014,27342,K562,Original
LINGER,0.535838977378849,0.429681165661841,0.330784276814816,2122164,707264,380127,327137,K562,Original
FigR,0.503650926472518,0.376339435064939,0.330569967759045,1314030,261330,139695,121635,K562,Original
TRIPOD,0.51175251671545,0.405187870613787,0.330750067773937,1131249,416415,234444,181971,K562,Original
GRaNIE,0.512111896199039,0.36798855923082,0.330979544142431,818216,182307,99649,82658,K562,Original
CellOracle,0.58436073953547,0.292516336173427,0.272513489751975,500316,28611,10447,18164,Macrophage_S1,Original
SCENIC+,0.572754189432557,0.284529949561853,0.271636508363063,19050,1536,1355,181,Macrophage_S1,Original
Pando-GLM,0.574426480652693,0.288916196642501,0.271094906558328,220781,7792,3943,3849,Macrophage_S1,Original
Pando-XGB,0.557715573792144,0.288755899021332,0.271788588350224,197651,7079,3709,3370,Macrophage_S1,Original
LINGER,0.595739351660692,0.321445992561029,0.271766587136543,2025465,101232,36181,65051,Macrophage_S1,Original
FigR,0.528615127971654,0.290561363284939,0.27149360617208,1192625,29307,10972,18335,Macrophage_S1,Original
TRIPOD,0.552535910346651,0.331677538692918,0.271417186059308,962593,49958,23223,26735,Macrophage_S1,Original
GRaNIE,0.6496,0.268867160318265,0.271895238307124,213532,1458,50,1408,Macrophage_S1,Original
CellOracle,0.605671933886583,0.300076056081203,0.271176952654673,425690,22534,9662,12872,Macrophage_S2,Original
SCENIC+,0.513700733336618,0.278326250476288,0.270939857135045,25838,3221,1567,1654,Macrophage_S2,Original
Pando-GLM,0.507308021100477,0.275254666447192,0.271445712727916,25786,702,483,219,Macrophage_S2,Original
Pando-XGB,0.536202938475665,0.280330857763406,0.271093215254843,95798,2957,1637,1320,Macrophage_S2,Original
LINGER,0.547180360198574,0.324003185870743,0.271599426623156,1683966,84788,33453,51335,Macrophage_S2,Original
FigR,0.533125815127746,0.295689168942325,0.270168763346295,956282,24986,10409,14577,Macrophage_S2,Original
TRIPOD,0.539300483344851,0.335767681170354,0.272136921123388,837725,43294,22000,21294,Macrophage_S2,Original
GRaNIE,0.472602040816326,0.26778160672842,0.271163257198859,213761,2088,140,1948,Macrophage_S2,Original
CellOracle,0.480840810524443,0.109571151056521,0.0909181547223034,222888,20987,5432,15555,iPS,Original
SCENIC+,0.439521789550781,0.0914839675606455,0.0908796471361927,21377,2132,256,1876,iPS,Original
Pando-GLM,0.503255208333333,0.0905635895388616,0.0908177128741359,37361,3992,192,3800,iPS,Original
Pando-XGB,0.441876437039027,0.0905136935762957,0.0907331699129879,34719,3964,183,3781,iPS,Original
LINGER,0.501429463679602,0.108279041105953,0.0906934540716306,533750,33232,6639,26593,iPS,Original
FigR,0.467599399441449,0.0936541666884428,0.0910557637572253,261636,8912,1242,7670,iPS,Original
TRIPOD,0.563574884286562,0.118521481331712,0.0911147655002182,340503,19423,5979,13444,iPS,Original
GRaNIE,0.567993428663982,0.0991837462052968,0.0910157247461396,164602,4912,1470,3442,iPS,Original
CellOracle,0.531219869920553,0.191502216018861,0.1550402919313,479602,129242,57488,71754,E7.5_rep1,Cell_Shuffle
Pando-GLM,0.457453682210427,0.158928464670885,0.155217353769651,84976,12287,4859,7428,E7.5_rep1,Cell_Shuffle
LINGER,0.498208192842307,0.163297266491177,0.15510716973964,2829024,68400,19764,48636,E7.5_rep1,Cell_Shuffle
FigR,0.506068824838255,0.174123871294472,0.155448391672748,797558,120731,41126,79605,E7.5_rep1,Cell_Shuffle
TRIPOD,0.507513401470648,0.19385805303658,0.155359225562033,1583751,282435,99091,183344,E7.5_rep1,Cell_Shuffle
GRaNIE,0.513814845723272,0.189270178130207,0.155394634888777,442056,83001,42815,40186,E7.5_rep1,Cell_Shuffle
Pando-XGB,0.505876780954839,0.158938738849249,0.155421347307198,78590,11456,4595,6861,E7.5_rep1,Cell_Shuffle
CellOracle,0.503553148512508,0.181724486840977,0.152872458057683,319098,92284,42529,49755,E7.5_rep2,Cell_Shuffle
SCENIC+,0.50107569341376,0.153381544140948,0.152696808872312,6662,1233,542,691,E7.5_rep2,Cell_Shuffle
Pando-GLM,0.389229238610738,0.15459188235129,0.152871139055523,36004,4423,1988,2435,E7.5_rep2,Cell_Shuffle
LINGER,0.477320222176053,0.159754619386444,0.152507469832785,1870016,51728,15494,36234,E7.5_rep2,Cell_Shuffle
FigR,0.503242195796952,0.170516338525857,0.152795273223554,552224,93742,33921,59821,E7.5_rep2,Cell_Shuffle
TRIPOD,0.522547501760401,0.186329866816832,0.152662954548404,1016814,189337,69354,119983,E7.5_rep2,Cell_Shuffle
GRaNIE,0.583299865176372,0.182496566400514,0.152736848266393,334489,69726,34736,34990,E7.5_rep2,Cell_Shuffle
Pando-XGB,0.519236693333333,0.154688841322594,0.152804453914135,33089,4112,1875,2237,E7.5_rep2,Cell_Shuffle
CellOracle,0.485004007866264,0.184972266841788,0.154470896525588,424661,113387,49734,63653,E8.5_rep1,Cell_Shuffle
SCENIC+,0.520680982192663,0.157514678710138,0.154243443774035,56298,7857,3336,4521,E8.5_rep1,Cell_Shuffle
Pando-GLM,0.378420456619736,0.157323703861867,0.154420921894899,85194,10679,4016,6663,E8.5_rep1,Cell_Shuffle
LINGER,0.488279634927565,0.161224867490564,0.154163233328337,2804704,65360,17754,47606,E8.5_rep1,Cell_Shuffle
FigR,0.501050035732794,0.16956957791221,0.154758298319829,786442,106721,34344,72377,E8.5_rep1,Cell_Shuffle
TRIPOD,0.512957621951578,0.181472248655053,0.154422399367054,1586477,231999,73381,158618,E8.5_rep1,Cell_Shuffle
GRaNIE,0.554124006266833,0.189806329330161,0.154764788453641,472131,86607,43925,42682,E8.5_rep1,Cell_Shuffle
Pando-XGB,0.518728209824784,0.157632662281547,0.154353173892881,79066,10014,3866,6148,E8.5_rep1,Cell_Shuffle
CellOracle,0.50980452260952,0.188480614448152,0.154906932890967,478074,129652,55664,73988,E8.5_rep2,Cell_Shuffle
SCENIC+,0.50671924454778,0.156988087328916,0.154861223236476,62788,9119,2976,6143,E8.5_rep2,Cell_Shuffle
Pando-GLM,0.388716530998032,0.159870023513461,0.154693043760296,162618,22051,8050,14001,E8.5_rep2,Cell_Shuffle
LINGER,0.500338233930501,0.161581926158308,0.154890520750245,3174876,70956,18748,52208,E8.5_rep2,Cell_Shuffle
FigR,0.501672887075226,0.170205290129041,0.155276958923401,868725,116689,36742,79947,E8.5_rep2,Cell_Shuffle
TRIPOD,0.536564827798399,0.184195931265858,0.154758973545138,1748007,245191,76860,168331,E8.5_rep2,Cell_Shuffle
GRaNIE,0.524339533863807,0.192807859490267,0.155031646645278,509807,99504,50272,49232,E8.5_rep2,Cell_Shuffle
Pando-XGB,0.532832373079378,0.160760055885592,0.15524248646081,145430,20048,7681,12367,E8.5_rep2,Cell_Shuffle
CellOracle,0.539238080429373,0.389154519409188,0.330849261648058,585890,214131,130336,83795,K562,Cell_Shuffle
SCENIC+,0.434108418099438,0.331750728531199,0.330989011607076,14726,4475,1932,2543,K562,Cell_Shuffle
Pando-GLM,0.575644586939333,0.348522747832154,0.3314225791401,276312,64371,34892,29479,K562,Cell_Shuffle
LINGER,0.506083231907651,0.341885438585513,0.331401221599549,2641548,37023,20564,16459,K562,Cell_Shuffle
FigR,0.504588609099477,0.365837316116984,0.331232085884793,958754,193524,102142,91382,K562,Cell_Shuffle
TRIPOD,0.514169846956854,0.403474049807887,0.330589236996421,1080554,398874,224301,174573,K562,Cell_Shuffle
GRaNIE,0.520523377106466,0.345415881313389,0.331047416047708,299673,68679,35064,33615,K562,Cell_Shuffle
Pando-XGB,0.517656241271604,0.346025461315868,0.331209561196786,254504,59452,32032,27420,K562,Cell_Shuffle
CellOracle,0.586370370373066,0.293067454007924,0.272207011657949,498363,28441,10484,17957,Macrophage_S1,Cell_Shuffle
SCENIC+,0.483934004434806,0.27562820782852,0.272421164226127,28709,1285,678,607,Macrophage_S1,Cell_Shuffle
Pando-GLM,0.569643260424185,0.288797019432775,0.271094906558328,220633,7792,3944,3848,Macrophage_S1,Cell_Shuffle
LINGER,0.591617670703057,0.279591961754104,0.271498396101611,2517324,5016,2141,2875,Macrophage_S1,Cell_Shuffle
FigR,0.472219896422167,0.280479465380085,0.272561802089249,1045745,28095,9403,18692,Macrophage_S1,Cell_Shuffle
TRIPOD,0.546288358763714,0.328033945401612,0.27092426423761,888704,46657,21768,24889,Macrophage_S1,Cell_Shuffle
GRaNIE,0.545523591047182,0.268967451442648,0.271147180639585,200739,2214,254,1960,Macrophage_S1,Cell_Shuffle
Pando-XGB,0.558086290785906,0.288562131800835,0.271873225958992,197046,7010,3669,3341,Macrophage_S1,Cell_Shuffle
CellOracle,0.603083602310162,0.300161912488173,0.270909398432888,426991,22697,9742,12955,Macrophage_S2,Cell_Shuffle
SCENIC+,0.472050219960433,0.275253097900139,0.270305587717507,43736,1585,801,784,Macrophage_S2,Cell_Shuffle
Pando-GLM,0.583159063413063,0.280586445628227,0.270797175581791,101656,3045,1671,1374,Macrophage_S2,Cell_Shuffle
LINGER,0.549235859618089,0.279202662677825,0.271447174698671,2117778,4374,2004,2370,Macrophage_S2,Cell_Shuffle
FigR,0.497944655328504,0.288574007638807,0.27134228528256,861233,21932,8738,13194,Macrophage_S2,Cell_Shuffle
TRIPOD,0.543736957386602,0.3344404575312,0.270584576884189,747666,40171,20678,19493,Macrophage_S2,Cell_Shuffle
GRaNIE,0.488627917348,0.267927322475158,0.271301979480961,174513,2303,217,2086,Macrophage_S2,Cell_Shuffle
Pando-XGB,0.537000333959827,0.280237856381599,0.272494897801109,96010,2917,1614,1303,Macrophage_S2,Cell_Shuffle
CellOracle,0.472856374108818,0.109508269014656,0.0909181547223034,222448,20980,5427,15553,iPS,Cell_Shuffle
Pando-GLM,0.526774088541666,0.0905736140049403,0.0908177128741359,37354,3994,192,3802,iPS,Cell_Shuffle
LINGER,0.536524567474048,0.0946912256773132,0.0912079161719702,682271,3675,850,2825,iPS,Cell_Shuffle
FigR,0.484307908466496,0.0937745636239515,0.0908506814482679,193733,6627,1051,5576,iPS,Cell_Shuffle
TRIPOD,0.570822322727786,0.118638054600941,0.091131215050831,338434,19329,5965,13364,iPS,Cell_Shuffle
GRaNIE,0.540602781617851,0.117500087506805,0.091167654775553,176712,8370,3926,4444,iPS,Cell_Shuffle
Pando-XGB,0.459326638381001,0.0904917663736131,0.0909882101880781,34473,3959,181,3778,iPS,Cell_Shuffle
CellOracle,0.42485466763857,0.186217073449226,0.155290716278952,481545,129466,57297,72169,E7.5_rep1,Gene_Shuffle
SCENIC+,0.537558171208779,0.155975978715647,0.155152869859511,20865,3996,1104,2892,E7.5_rep1,Gene_Shuffle
Pando-GLM,0.593134364258502,0.155681416581542,0.155416127989455,42079,7537,1436,6101,E7.5_rep1,Gene_Shuffle
Pando-XGB,0.436292897814712,0.155546254110286,0.155428213637643,40063,7221,1368,5853,E7.5_rep1,Gene_Shuffle
LINGER,0.453630117311005,0.162817888539095,0.155487387130186,2829024,68400,19764,48636,E7.5_rep1,Gene_Shuffle
FigR,0.470636320104094,0.171996264591114,0.155474839260991,764340,114505,38777,75728,E7.5_rep1,Gene_Shuffle
TRIPOD,0.513592881030107,0.196069446509253,0.155495805381508,1587460,282967,99243,183724,E7.5_rep1,Gene_Shuffle
GRaNIE,0.608366777806714,0.17328186081578,0.155197864163008,218911,38726,19779,18947,E7.5_rep1,Gene_Shuffle
CellOracle,0.465612879035186,0.179624184351443,0.152805159282914,320984,91764,42020,49744,E7.5_rep2,Gene_Shuffle
SCENIC+,0.481516511803775,0.153250492825323,0.152920906098491,12413,2316,689,1627,E7.5_rep2,Gene_Shuffle
Pando-GLM,0.559419992476317,0.152863848914202,0.153055720961696,4046,795,171,624,E7.5_rep2,Gene_Shuffle
Pando-XGB,0.419275290030185,0.153009328393215,0.152603793434252,16632,3189,682,2507,E7.5_rep2,Gene_Shuffle
LINGER,0.485069483710587,0.159642062618753,0.152752192704611,1870016,51728,15494,36234,E7.5_rep2,Gene_Shuffle
FigR,0.515433791317798,0.171273247891165,0.152775548019815,524024,91651,33849,57802,E7.5_rep2,Gene_Shuffle
TRIPOD,0.508031211130631,0.185431594681742,0.152876410414539,1037482,193306,70639,122667,E7.5_rep2,Gene_Shuffle
GRaNIE,0.546090988184079,0.177045653127549,0.152801194994152,234092,54344,28248,26096,E7.5_rep2,Gene_Shuffle
CellOracle,0.502814124284993,0.185723047013569,0.154351464115549,429675,113159,49885,63274,E8.5_rep1,Gene_Shuffle
SCENIC+,0.526268780285874,0.15586526630356,0.154387699470735,28506,5135,1755,3380,E8.5_rep1,Gene_Shuffle
Pando-GLM,0.477081736930204,0.154932669338503,0.154885127740809,51338,8264,1659,6605,E8.5_rep1,Gene_Shuffle
Pando-XGB,0.46865454475745,0.154926010006964,0.154438788228236,49128,8055,1615,6440,E8.5_rep1,Gene_Shuffle
LINGER,0.5046044866946,0.161531406448676,0.154512354670659,2804704,65360,17754,47606,E8.5_rep1,Gene_Shuffle
FigR,0.479016363336397,0.168385078378894,0.154318053233736,722654,94430,31146,63284,E8.5_rep1,Gene_Shuffle
TRIPOD,0.516220377039013,0.182428484118225,0.154488314235373,1587693,232148,73418,158730,E8.5_rep1,Gene_Shuffle
GRaNIE,0.442992833974865,0.185255120554074,0.154522580186804,329364,64223,36826,27397,E8.5_rep1,Gene_Shuffle
CellOracle,0.493127593295953,0.186363613553373,0.154981938858433,474831,127350,54227,73123,E8.5_rep2,Gene_Shuffle
SCENIC+,0.47724463516503,0.156633043720083,0.154873850367366,20573,4471,1833,2638,E8.5_rep2,Gene_Shuffle
Pando-GLM,0.557472720760681,0.159025455348865,0.15501194296954,120438,20770,6621,14149,E8.5_rep2,Gene_Shuffle
Pando-XGB,0.461922388473334,0.158448796910057,0.154712994715295,111123,19531,6268,13263,E8.5_rep2,Gene_Shuffle
LINGER,0.492363498077587,0.161522821134219,0.155260706967769,3174876,70956,18748,52208,E8.5_rep2,Gene_Shuffle
FigR,0.526416355053132,0.168509903738583,0.154950615041702,776497,101956,31113,70843,E8.5_rep2,Gene_Shuffle
TRIPOD,0.50998570757921,0.183010244002119,0.155068512922597,1749176,245321,76882,168439,E8.5_rep2,Gene_Shuffle
GRaNIE,0.551799583177648,0.179525924165202,0.154954153605895,353328,79881,35427,44454,E8.5_rep2,Gene_Shuffle
CellOracle,0.502118326492484,0.386669156874425,0.331220529313426,591968,215538,130764,84774,K562,Gene_Shuffle
SCENIC+,0.448739552031514,0.333313242193817,0.33103897790969,30262,4916,2926,1990,K562,Gene_Shuffle
Pando-GLM,0.513855338947234,0.345470082255612,0.331374724501823,293367,60317,31984,28333,K562,Gene_Shuffle
Pando-XGB,0.513992249151632,0.34477852697429,0.331408873239083,269655,54968,29263,25705,K562,Gene_Shuffle
LINGER,0.512315032768643,0.342039694919949,0.331179036703246,2568195,35991,20074,15917,K562,Gene_Shuffle
FigR,0.497276669133725,0.367022183906255,0.330766060290711,959483,195121,104397,90724,K562,Gene_Shuffle
TRIPOD,0.50888309865206,0.400831585227462,0.331097205618591,1019827,375811,212335,163476,K562,Gene_Shuffle
GRaNIE,0.436440499451138,0.343084204005922,0.331232836816112,544975,103289,47990,55299,K562,Gene_Shuffle
CellOracle,0.502470718740933,0.287395381608324,0.272304138320528,498091,27423,9916,17507,Macrophage_S1,Gene_Shuffle
SCENIC+,0.508435620323732,0.274128312345914,0.271619104417312,19880,413,270,143,Macrophage_S1,Gene_Shuffle
Pando-GLM,0.624937694034428,0.282205823109279,0.27281879182059,247168,5860,2624,3236,Macrophage_S1,Gene_Shuffle
Pando-XGB,0.531461704450797,0.281371806653814,0.272024643260209,215536,5315,2486,2829,Macrophage_S1,Gene_Shuffle
LINGER,0.450643461294043,0.278071658970738,0.272210511256896,2517324,5016,2141,2875,Macrophage_S1,Gene_Shuffle
FigR,0.480736259778342,0.281154899158212,0.271514015849179,1028149,28082,9523,18559,Macrophage_S1,Gene_Shuffle
TRIPOD,0.54989032195074,0.328659178397144,0.272168444792648,911292,45530,21540,23990,Macrophage_S1,Gene_Shuffle
GRaNIE,0.469604637336504,0.265582423174703,0.272907815486906,199395,3704,116,3588,Macrophage_S1,Gene_Shuffle
CellOracle,0.556690245188773,0.296012454439723,0.271250568293828,426058,22434,9410,13024,Macrophage_S2,Gene_Shuffle
SCENIC+,0.388661445354218,0.274672097205043,0.27138427144271,5567,486,380,106,Macrophage_S2,Gene_Shuffle
Pando-GLM,0.526299171879067,0.280119342858698,0.271631726081373,115798,3246,1738,1508,Macrophage_S2,Gene_Shuffle
Pando-XGB,0.540744731115814,0.280054942998575,0.271825674974436,108595,2986,1612,1374,Macrophage_S2,Gene_Shuffle
LINGER,0.541267265867466,0.279397188328875,0.270992626670551,2117778,4374,2004,2370,Macrophage_S2,Gene_Shuffle
FigR,0.5206651220545,0.289652030413014,0.271360071427431,849629,22811,8978,13833,Macrophage_S2,Gene_Shuffle
TRIPOD,0.473447834219935,0.289638139866032,0.27055864535009,468629,25492,10078,15414,Macrophage_S2,Gene_Shuffle
GRaNIE,0.511504747991234,0.267297738973423,0.271847836474077,217077,2117,74,2043,Macrophage_S2,Gene_Shuffle
CellOracle,0.480700823485855,0.110236865606965,0.0907837121020019,222698,20941,5418,15523,iPS,Gene_Shuffle
SCENIC+,0.476872367031286,0.0924526925378393,0.0907816510631411,16044,1027,287,740,iPS,Gene_Shuffle
Pando-GLM,0.48684691443521,0.0930827422321382,0.0909096668998628,33995,1857,456,1401,iPS,Gene_Shuffle
Pando-XGB,0.496897227028066,0.0927995892279154,0.0911708567521748,31212,1720,408,1312,iPS,Gene_Shuffle
LINGER,0.571896193771626,0.0948069906138006,0.0908833986990831,682271,3675,850,2825,iPS,Gene_Shuffle
FigR,0.479384600451357,0.0933435761480479,0.0907059994388685,186330,7015,1015,6000,iPS,Gene_Shuffle
TRIPOD,0.519764270190532,0.11702990706148,0.0908482965650406,339815,19378,5960,13418,iPS,Gene_Shuffle
CellOracle,0.538884521380708,0.191812174345305,0.15520140469996,481310,129162,56990,72172,E7.5_rep1,ATAC_Gene_Shuffle
SCENIC+,0.556772311771524,0.156696801759371,0.155112373903204,17354,2952,1324,1628,E7.5_rep1,ATAC_Gene_Shuffle
Pando-XGB,0.535544945665474,0.157122029514256,0.155289123257542,36896,4623,1893,2730,E7.5_rep1,ATAC_Gene_Shuffle
LINGER,0.471673823880338,0.162744787639004,0.155487387130186,2829024,68400,19764,48636,E7.5_rep1,ATAC_Gene_Shuffle
FigR,0.53812443165286,0.177969977548473,0.155445675513741,839377,135697,47089,88608,E7.5_rep1,ATAC_Gene_Shuffle
TRIPOD,0.51395376808468,0.196103936291076,0.155459114747532,1585207,282981,99229,183752,E7.5_rep1,ATAC_Gene_Shuffle
GRaNIE,0.57922419460881,0.155409018749513,0.155458447452788,888,208,78,130,E7.5_rep1,ATAC_Gene_Shuffle
CellOracle,0.45290634595565,0.179707637195042,0.152931569093627,318895,91606,42399,49207,E7.5_rep2,ATAC_Gene_Shuffle
SCENIC+,0.496709189244742,0.153950805525711,0.152886664121041,18084,3796,1395,2401,E7.5_rep2,ATAC_Gene_Shuffle
Pando-GLM,0.647022710702097,0.153970446083088,0.152869733706996,18862,5138,1531,3607,E7.5_rep2,ATAC_Gene_Shuffle
Pando-XGB,0.493904166301018,0.153730921000106,0.152725733584382,18074,4957,1483,3474,E7.5_rep2,ATAC_Gene_Shuffle
LINGER,0.472249254361448,0.159679858214064,0.152752192704611,1870016,51728,15494,36234,E7.5_rep2,ATAC_Gene_Shuffle
FigR,0.500233547381866,0.1727314250859,0.153111015646542,576825,101117,37704,63413,E7.5_rep2,ATAC_Gene_Shuffle
TRIPOD,0.507084980263391,0.185070285829909,0.152835410613313,1027422,190896,69331,121565,E7.5_rep2,ATAC_Gene_Shuffle
GRaNIE,0.448347107438016,0.152808755542638,0.152720966956454,533,185,44,141,E7.5_rep2,ATAC_Gene_Shuffle
CellOracle,0.452850315754089,0.183148228845554,0.154463863397874,426724,111775,49135,62640,E8.5_rep1,ATAC_Gene_Shuffle
SCENIC+,0.512381184145637,0.155335055159493,0.154217869953733,23315,3532,1114,2418,E8.5_rep1,ATAC_Gene_Shuffle
Pando-GLM,0.486451467013398,0.154874027504772,0.154349202172077,20329,2665,665,2000,E8.5_rep1,ATAC_Gene_Shuffle
Pando-XGB,0.489334848892434,0.15514492152133,0.154396878463349,43884,5714,1389,4325,E8.5_rep1,ATAC_Gene_Shuffle
LINGER,0.48097207782391,0.160946093154832,0.154512354670659,2804704,65360,17754,47606,E8.5_rep1,ATAC_Gene_Shuffle
FigR,0.495788220422841,0.171323107925928,0.15449093540353,823884,116988,38357,78631,E8.5_rep1,ATAC_Gene_Shuffle
TRIPOD,0.50489556629796,0.181732792137179,0.154671062819903,1586970,232129,73399,158730,E8.5_rep1,ATAC_Gene_Shuffle
GRaNIE,0.4768,0.154549962675611,0.154667874798878,736,76,25,51,E8.5_rep1,ATAC_Gene_Shuffle
CellOracle,0.491601250776765,0.18602921379275,0.155165998502946,474112,127886,53844,74042,E8.5_rep2,ATAC_Gene_Shuffle
SCENIC+,0.507152242599228,0.155393318052787,0.154752340533615,25590,4253,962,3291,E8.5_rep2,ATAC_Gene_Shuffle
Pando-GLM,0.57519877106076,0.156082341088963,0.155196008880176,33437,5470,1573,3897,E8.5_rep2,ATAC_Gene_Shuffle
Pando-XGB,0.474265514590621,0.157795656827814,0.154904252551535,112494,18691,5507,13184,E8.5_rep2,ATAC_Gene_Shuffle
LINGER,0.473871751070843,0.161346708976647,0.155260706967769,3174876,70956,18748,52208,E8.5_rep2,ATAC_Gene_Shuffle
FigR,0.535061280509967,0.172819710725475,0.155292348091258,880336,122820,39243,83577,E8.5_rep2,ATAC_Gene_Shuffle
TRIPOD,0.505718457002831,0.182684581635112,0.155068512922597,1748095,245333,76887,168446,E8.5_rep2,ATAC_Gene_Shuffle
GRaNIE,0.392415972421717,0.155170752000701,0.154959544486025,775,162,103,59,E8.5_rep2,ATAC_Gene_Shuffle
CellOracle,0.489655675758574,0.383019489309611,0.330745859734883,557962,205700,124432,81268,K562,ATAC_Gene_Shuffle
SCENIC+,0.478862246897968,0.331916529278247,0.331506113265739,16241,3207,1551,1656,K562,ATAC_Gene_Shuffle
Pando-GLM,0.523146466700727,0.342627848889711,0.331071995875254,257309,54454,27514,26940,K562,ATAC_Gene_Shuffle
Pando-XGB,0.487612271384263,0.340225086125888,0.33108037642617,221432,46100,23033,23067,K562,ATAC_Gene_Shuffle
LINGER,0.513242096590348,0.341969573713518,0.331454829657175,2641835,37023,20564,16459,K562,ATAC_Gene_Shuffle
FigR,0.497479601589833,0.379600063159987,0.33117071936009,1388473,282389,152435,129954,K562,ATAC_Gene_Shuffle
TRIPOD,0.509545290697635,0.386370175936438,0.3314297244575,740439,271139,153793,117346,K562,ATAC_Gene_Shuffle
GRaNIE,0.477037037037037,0.331114960556691,0.33103558433433,647,108,63,45,K562,ATAC_Gene_Shuffle
CellOracle,0.466005393154212,0.283664820633068,0.271221662039189,454505,25356,9119,16237,Macrophage_S1,ATAC_Gene_Shuffle
SCENIC+,0.548284023668639,0.272228750091878,0.270818855511339,6035,358,130,228,Macrophage_S1,ATAC_Gene_Shuffle
Pando-GLM,0.559071408597761,0.278921823768297,0.271901968011677,190289,3929,1777,2152,Macrophage_S1,ATAC_Gene_Shuffle
Pando-XGB,0.441174795300818,0.277819150864419,0.271979022693312,163699,3385,1590,1795,Macrophage_S1,ATAC_Gene_Shuffle
LINGER,0.465567059877863,0.278319596182499,0.272210511256896,2517056,5016,2141,2875,Macrophage_S1,ATAC_Gene_Shuffle
FigR,0.486727915518824,0.291120813940705,0.271207615184362,1374489,35259,13200,22059,Macrophage_S1,ATAC_Gene_Shuffle
TRIPOD,0.54733424283386,0.32629470654602,0.271378076610686,544673,30985,16295,14690,Macrophage_S1,ATAC_Gene_Shuffle
CellOracle,0.516327520677621,0.292025536333171,0.270445491180465,397438,20822,8744,12078,Macrophage_S2,ATAC_Gene_Shuffle
SCENIC+,0.512471655328798,0.271404628307478,0.271367229776513,6066,43,22,21,Macrophage_S2,ATAC_Gene_Shuffle
Pando-GLM,0.545101730952974,0.277626001723557,0.27102993684451,91356,1929,1086,843,Macrophage_S2,ATAC_Gene_Shuffle
Pando-XGB,0.527909657185801,0.277453870426632,0.271236202272921,83961,1749,1005,744,Macrophage_S2,ATAC_Gene_Shuffle
LINGER,0.550696013163294,0.278853133808696,0.270992626670551,2117778,4374,2004,2370,Macrophage_S2,ATAC_Gene_Shuffle
FigR,0.494309384182283,0.298511141180397,0.270693009041365,1159968,30126,12882,17244,Macrophage_S2,ATAC_Gene_Shuffle
TRIPOD,0.54243634391511,0.331949695484453,0.271885059195685,494373,27221,15652,11569,Macrophage_S2,ATAC_Gene_Shuffle
GRaNIE,0.4375,0.271303649018337,0.271387311828792,279,10,6,4,Macrophage_S2,ATAC_Gene_Shuffle
CellOracle,0.454387749581446,0.109712642528909,0.0909466947390639,218279,20505,5467,15038,iPS,ATAC_Gene_Shuffle
SCENIC+,0.319559228650137,0.0909216611785966,0.090474580957221,18356,435,33,402,iPS,ATAC_Gene_Shuffle
Pando-GLM,0.3184,0.0909379897325871,0.0904177393964364,41729,282,25,257,iPS,ATAC_Gene_Shuffle
Pando-XGB,0.390625,0.0909373655107757,0.0909905868017612,38002,276,24,252,iPS,ATAC_Gene_Shuffle
LINGER,0.494520415224913,0.0944445541701088,0.0908833986990831,682271,3675,850,2825,iPS,ATAC_Gene_Shuffle
FigR,0.492006898462143,0.095723906605493,0.0915843922933287,237327,8181,1533,6648,iPS,ATAC_Gene_Shuffle
TRIPOD,0.486171111660905,0.115071938820668,0.0909577344629027,335573,19269,5931,13338,iPS,ATAC_Gene_Shuffle
