method	source	regime	space	cell_type	id	tf	in19	auc	aupr_ratio	n_seeds
base	collectri	tf	expressed	classical_monocyte	41287	STAT1	True	0.6954187095926847	1.804925647556257	5
base	collectri	tf	expressed	classical_monocyte	41288	STAT1	True	0.7049340363928999	1.9776953899813319	5
base	collectri	tf	expressed	classical_monocyte	41289	STAT1	True	0.6964420233157929	1.7731042068062213	5
base	collectri	tf	expressed	classical_monocyte	41290	STAT1	True	0.6666850122116713	1.647991005915252	5
base	collectri	tf	expressed	classical_monocyte	41301	IRF1	True	0.6994641242848783	2.055762488945534	5
base	collectri	tf	expressed	classical_monocyte	41302	IRF1	True	0.7196570089344	2.320075355762588	5
base	collectri	tf	expressed	classical_monocyte	41303	IRF1	True	0.7060500689572465	2.0927126288174795	5
base	collectri	tf	expressed	classical_monocyte	45444	CTCF	True	0.7414278264209757	2.1809830555272267	5
base	collectri	tf	expressed	classical_monocyte	81223	RUNX1	True	0.6457988625374991	1.4342252173530143	5
base	collectri	tf	expressed	classical_monocyte	85986	SPI1	True	0.6981944091816346	1.9829438152970198	5
base	collectri	tf	expressed	mdc	8481	RUNX1	True	0.6416069014181526	1.500843824500587	5
base	collectri	tf	expressed	naive_b	40215	IRF4	True	0.7743019080719038	2.4569452136649788	5
base	collectri	tf	expressed	naive_b	45178	CTCF	True	0.671614973591759	1.6623346253173523	5
base	collectri	tf	expressed	naive_b	5967	MYC	True	0.6924319676226112	1.8073638226730737	5
base	collectri	tf	expressed	naive_cd4_t	44092	ETS1	True	0.5752610860915219	1.101975509979932	5
base	collectri	tf	expressed	naive_cd4_t	44093	ETS1	True	0.5620718660429589	1.0513471518685988	5
base	collectri	tf	expressed	naive_cd4_t	44094	ETS1	True	0.5708555663172427	1.0793333515247756	5
base	collectri	tf	expressed	naive_cd4_t	44097	RUNX1	True	0.6088230909132049	1.3342326932479462	5
base	collectri	tf	expressed	naive_cd4_t	44098	FOXP3	False	0.5984445346961222	1.1647944655468572	5
base	collectri	tf	expressed	naive_cd4_t	47435	REST	True	0.6614601796187338	1.4572130970225032	5
base_rnaonly	collectri	tf	expressed	classical_monocyte	41287	STAT1	True	0.5653916329404478	1.263125904460622	5
base_rnaonly	collectri	tf	expressed	classical_monocyte	41288	STAT1	True	0.5801616267970917	1.3868021454554451	5
base_rnaonly	collectri	tf	expressed	classical_monocyte	41289	STAT1	True	0.5679846021672539	1.289499082937881	5
base_rnaonly	collectri	tf	expressed	classical_monocyte	41290	STAT1	True	0.5695310347266975	1.361398027813676	5
base_rnaonly	collectri	tf	expressed	classical_monocyte	41301	IRF1	True	0.6582705557116706	1.9822908201720129	5
base_rnaonly	collectri	tf	expressed	classical_monocyte	41302	IRF1	True	0.6574121684605478	2.0321474918431623	5
base_rnaonly	collectri	tf	expressed	classical_monocyte	41303	IRF1	True	0.6353219575291891	1.9215809262602412	5
base_rnaonly	collectri	tf	expressed	classical_monocyte	45444	CTCF	True	0.5837496094453573	1.2492799293604617	5
base_rnaonly	collectri	tf	expressed	classical_monocyte	81223	RUNX1	True	0.5349323662681181	1.1493236619326503	5
base_rnaonly	collectri	tf	expressed	classical_monocyte	85986	SPI1	True	0.6044756385354771	1.567385949985206	5
base_rnaonly	collectri	tf	expressed	mdc	8481	RUNX1	True	0.5003364266722781	1.2833870433029166	5
base_rnaonly	collectri	tf	expressed	naive_b	40215	IRF4	True	0.6324313531429098	1.528705587125371	5
base_rnaonly	collectri	tf	expressed	naive_b	45178	CTCF	True	0.4555347347661562	1.0131002604409562	5
base_rnaonly	collectri	tf	expressed	naive_b	5967	MYC	True	0.5565191637016431	1.4465693157210187	5
base_rnaonly	collectri	tf	expressed	naive_cd4_t	44092	ETS1	True	0.41599367308595026	0.9125074454721439	5
base_rnaonly	collectri	tf	expressed	naive_cd4_t	44093	ETS1	True	0.4044654177694074	0.8649302411653095	5
base_rnaonly	collectri	tf	expressed	naive_cd4_t	44094	ETS1	True	0.4057050350416554	0.8545967113013289	5
base_rnaonly	collectri	tf	expressed	naive_cd4_t	44097	RUNX1	True	0.4338696594602644	0.9789074786696658	5
base_rnaonly	collectri	tf	expressed	naive_cd4_t	44098	FOXP3	False	0.5441150430223555	1.3632640544059698	5
base_rnaonly	collectri	tf	expressed	naive_cd4_t	47435	REST	True	0.5706265293665944	1.3140579259052931	5
degree	collectri	random	expressed	classical_monocyte	41287	STAT1	True	0.6022307795344694	1.5327209537062148	1
degree	collectri	random	expressed	classical_monocyte	41288	STAT1	True	0.607782119081413	1.655283191144986	1
degree	collectri	random	expressed	classical_monocyte	41289	STAT1	True	0.6021282607250431	1.483458264504049	1
degree	collectri	random	expressed	classical_monocyte	41290	STAT1	True	0.5667311111628739	1.3192985060619478	1
degree	collectri	random	expressed	classical_monocyte	41301	IRF1	True	0.6056801699695119	1.6285803549089464	1
degree	collectri	random	expressed	classical_monocyte	41302	IRF1	True	0.6263164904436718	1.8939135039851194	1
degree	collectri	random	expressed	classical_monocyte	41303	IRF1	True	0.6283643426789677	1.8776433377913717	1
degree	collectri	random	expressed	classical_monocyte	45444	CTCF	True	0.5735923721461943	1.283246332281042	1
degree	collectri	random	expressed	classical_monocyte	81223	RUNX1	True	0.5671893385072653	1.3215389763168446	1
degree	collectri	random	expressed	classical_monocyte	85986	SPI1	True	0.589291921037775	1.4825453858880178	1
degree	collectri	random	expressed	mdc	8481	RUNX1	True	0.6062267745556854	1.653257197782804	1
degree	collectri	random	expressed	naive_b	40215	IRF4	True	0.5614416149827111	1.208257926610733	1
degree	collectri	random	expressed	naive_b	45178	CTCF	True	0.5736264421534102	1.3109425160219785	1
degree	collectri	random	expressed	naive_b	5967	MYC	True	0.5537205731867175	1.1342890417090115	1
degree	collectri	random	expressed	naive_cd4_t	44092	ETS1	True	0.5695184377015073	1.3016571324804467	1
degree	collectri	random	expressed	naive_cd4_t	44093	ETS1	True	0.5476118771510416	1.1274711245140672	1
degree	collectri	random	expressed	naive_cd4_t	44094	ETS1	True	0.5554078653305456	1.1564122559797114	1
degree	collectri	random	expressed	naive_cd4_t	44097	RUNX1	True	0.5582211420151255	1.1739755829636267	1
degree	collectri	random	expressed	naive_cd4_t	44098	FOXP3	False	0.560352462331249	1.2904241528869396	1
degree	collectri	random	expressed	naive_cd4_t	47435	REST	True	0.5545411264601157	1.158600324837321	1
degree	collectri	target	expressed	classical_monocyte	41287	STAT1	True	0.5772231253571587	1.413702128194934	1
degree	collectri	target	expressed	classical_monocyte	41288	STAT1	True	0.5972250366816292	1.642226635931723	1
degree	collectri	target	expressed	classical_monocyte	41289	STAT1	True	0.5911584555119741	1.481802080679827	1
degree	collectri	target	expressed	classical_monocyte	41290	STAT1	True	0.5538965195658494	1.2954782690699722	1
degree	collectri	target	expressed	classical_monocyte	41301	IRF1	True	0.5830585919078933	1.5198525520556065	1
degree	collectri	target	expressed	classical_monocyte	41302	IRF1	True	0.6026439813856774	1.785784237692595	1
degree	collectri	target	expressed	classical_monocyte	41303	IRF1	True	0.600005525145838	1.7425097019246583	1
degree	collectri	target	expressed	classical_monocyte	45444	CTCF	True	0.5718954581711383	1.2919720320114962	1
degree	collectri	target	expressed	classical_monocyte	81223	RUNX1	True	0.5463124791388854	1.2404073470602504	1
degree	collectri	target	expressed	classical_monocyte	85986	SPI1	True	0.5654140794212511	1.3911567403401088	1
degree	collectri	target	expressed	mdc	8481	RUNX1	True	0.5848557808829735	1.5171747094028887	1
degree	collectri	target	expressed	naive_b	40215	IRF4	True	0.5544008305433146	1.2017615830879151	1
degree	collectri	target	expressed	naive_b	45178	CTCF	True	0.5540151410051061	1.2063365476794758	1
degree	collectri	target	expressed	naive_b	5967	MYC	True	0.5468203150418384	1.1415459387200673	1
degree	collectri	target	expressed	naive_cd4_t	44092	ETS1	True	0.5639850540540863	1.2957161462180253	1
degree	collectri	target	expressed	naive_cd4_t	44093	ETS1	True	0.5479095032687785	1.1373984650387976	1
degree	collectri	target	expressed	naive_cd4_t	44094	ETS1	True	0.5573062016921274	1.192797373674547	1
degree	collectri	target	expressed	naive_cd4_t	44097	RUNX1	True	0.5453879335369486	1.136165833501491	1
degree	collectri	target	expressed	naive_cd4_t	44098	FOXP3	False	0.5522969410357808	1.2757657898689416	1
degree	collectri	target	expressed	naive_cd4_t	47435	REST	True	0.5435450662098057	1.1408275194446098	1
degree	collectri	tf	expressed	classical_monocyte	41287	STAT1	True	0.5944550269244385	1.4889483093225806	1
degree	collectri	tf	expressed	classical_monocyte	41288	STAT1	True	0.6048117329183755	1.630444206273183	1
degree	collectri	tf	expressed	classical_monocyte	41289	STAT1	True	0.5998183301201246	1.4606422155537857	1
degree	collectri	tf	expressed	classical_monocyte	41290	STAT1	True	0.5690106087546166	1.3136703479509126	1
degree	collectri	tf	expressed	classical_monocyte	41301	IRF1	True	0.6010831597683615	1.6031828709565341	1
degree	collectri	tf	expressed	classical_monocyte	41302	IRF1	True	0.6220826532204282	1.833186540759315	1
degree	collectri	tf	expressed	classical_monocyte	41303	IRF1	True	0.6224386451828438	1.7971700623497082	1
degree	collectri	tf	expressed	classical_monocyte	45444	CTCF	True	0.571370759495532	1.2751862847419035	1
degree	collectri	tf	expressed	classical_monocyte	81223	RUNX1	True	0.5671162474917041	1.3433934509549967	1
degree	collectri	tf	expressed	classical_monocyte	85986	SPI1	True	0.5846426937025323	1.4525007978063909	1
degree	collectri	tf	expressed	mdc	8481	RUNX1	True	0.6042543300132585	1.6189175660926383	1
degree	collectri	tf	expressed	naive_b	40215	IRF4	True	0.5593154170156034	1.1995317207785936	1
degree	collectri	tf	expressed	naive_b	45178	CTCF	True	0.5735088697777335	1.313511631763144	1
degree	collectri	tf	expressed	naive_b	5967	MYC	True	0.5543132855015958	1.1428014980689443	1
degree	collectri	tf	expressed	naive_cd4_t	44092	ETS1	True	0.5688874355667135	1.2879556128358578	1
degree	collectri	tf	expressed	naive_cd4_t	44093	ETS1	True	0.5482510006087052	1.1278598149949044	1
degree	collectri	tf	expressed	naive_cd4_t	44094	ETS1	True	0.551186798161249	1.1364111402796238	1
degree	collectri	tf	expressed	naive_cd4_t	44097	RUNX1	True	0.5572797952316965	1.1708649219583143	1
degree	collectri	tf	expressed	naive_cd4_t	44098	FOXP3	False	0.5637421037666085	1.2859202010963957	1
degree	collectri	tf	expressed	naive_cd4_t	47435	REST	True	0.5483034931830898	1.133790829634637	1
degree	dorothea_ab	random	expressed	classical_monocyte	41287	STAT1	True	0.5964730116317402	1.5553702638206646	1
degree	dorothea_ab	random	expressed	classical_monocyte	41288	STAT1	True	0.6050839248975199	1.7979434524436135	1
degree	dorothea_ab	random	expressed	classical_monocyte	41289	STAT1	True	0.6042427779510807	1.6322800994245281	1
degree	dorothea_ab	random	expressed	classical_monocyte	41290	STAT1	True	0.5688097049787902	1.3722870832997132	1
degree	dorothea_ab	random	expressed	classical_monocyte	41301	IRF1	True	0.6008645865781119	1.7103032586777356	1
degree	dorothea_ab	random	expressed	classical_monocyte	41302	IRF1	True	0.6229224195660592	2.0760038037084967	1
degree	dorothea_ab	random	expressed	classical_monocyte	41303	IRF1	True	0.6136850581211077	1.9227323253730375	1
degree	dorothea_ab	random	expressed	classical_monocyte	45444	CTCF	True	0.5618891955125732	1.261812387740549	1
degree	dorothea_ab	random	expressed	classical_monocyte	81223	RUNX1	True	0.5717878228705087	1.3735372608998533	1
degree	dorothea_ab	random	expressed	classical_monocyte	85986	SPI1	True	0.5813479283055706	1.449317408469052	1
degree	dorothea_ab	random	expressed	mdc	8481	RUNX1	True	0.6221452623898434	1.87734181002801	1
degree	dorothea_ab	random	expressed	naive_b	40215	IRF4	True	0.5474402720556079	1.1640479035758475	1
degree	dorothea_ab	random	expressed	naive_b	45178	CTCF	True	0.5651177428719704	1.2842982680409867	1
degree	dorothea_ab	random	expressed	naive_b	5967	MYC	True	0.5325707023105019	1.0968195969913646	1
degree	dorothea_ab	random	expressed	naive_cd4_t	44092	ETS1	True	0.5602177255973404	1.2307234257195463	1
degree	dorothea_ab	random	expressed	naive_cd4_t	44093	ETS1	True	0.5448060985639275	1.1499035985123987	1
degree	dorothea_ab	random	expressed	naive_cd4_t	44094	ETS1	True	0.5437554004340199	1.1477253301979395	1
degree	dorothea_ab	random	expressed	naive_cd4_t	44097	RUNX1	True	0.543362135965073	1.1946901099160006	1
degree	dorothea_ab	random	expressed	naive_cd4_t	44098	FOXP3	False	0.5657843776754046	1.362210044043085	1
degree	dorothea_ab	random	expressed	naive_cd4_t	47435	REST	True	0.5377387625391837	1.1183921005356592	1
degree	dorothea_ab	target	expressed	classical_monocyte	41287	STAT1	True	0.5708500224841458	1.415198150583138	1
degree	dorothea_ab	target	expressed	classical_monocyte	41288	STAT1	True	0.5751643720360105	1.6228214703653818	1
degree	dorothea_ab	target	expressed	classical_monocyte	41289	STAT1	True	0.5848823641716144	1.5535914954110723	1
degree	dorothea_ab	target	expressed	classical_monocyte	41290	STAT1	True	0.5558691077931254	1.2807740214880499	1
degree	dorothea_ab	target	expressed	classical_monocyte	41301	IRF1	True	0.5907084586633551	1.6728550332618244	1
degree	dorothea_ab	target	expressed	classical_monocyte	41302	IRF1	True	0.591311038359314	1.855788917010883	1
degree	dorothea_ab	target	expressed	classical_monocyte	41303	IRF1	True	0.5903110357292763	1.7330325252442902	1
degree	dorothea_ab	target	expressed	classical_monocyte	45444	CTCF	True	0.5528468446860675	1.245134196028568	1
degree	dorothea_ab	target	expressed	classical_monocyte	81223	RUNX1	True	0.5558763245299027	1.2762484145504949	1
degree	dorothea_ab	target	expressed	classical_monocyte	85986	SPI1	True	0.5664999562915295	1.3844691153508994	1
degree	dorothea_ab	target	expressed	mdc	8481	RUNX1	True	0.5977151146469644	1.7468782599737007	1
degree	dorothea_ab	target	expressed	naive_b	40215	IRF4	True	0.5460074918866664	1.1615517525762482	1
degree	dorothea_ab	target	expressed	naive_b	45178	CTCF	True	0.5508416911550726	1.2440332945774832	1
degree	dorothea_ab	target	expressed	naive_b	5967	MYC	True	0.5347089807136697	1.119644559907406	1
degree	dorothea_ab	target	expressed	naive_cd4_t	44092	ETS1	True	0.551138474254584	1.211043831374489	1
degree	dorothea_ab	target	expressed	naive_cd4_t	44093	ETS1	True	0.5406203667540515	1.1630061610153553	1
degree	dorothea_ab	target	expressed	naive_cd4_t	44094	ETS1	True	0.5483773970439143	1.169675620708608	1
degree	dorothea_ab	target	expressed	naive_cd4_t	44097	RUNX1	True	0.5466330501977364	1.2036440557762746	1
degree	dorothea_ab	target	expressed	naive_cd4_t	44098	FOXP3	False	0.5567920078412308	1.3315521207579657	1
degree	dorothea_ab	target	expressed	naive_cd4_t	47435	REST	True	0.5418951549026227	1.1397315288065548	1
degree	dorothea_ab	tf	expressed	classical_monocyte	41287	STAT1	True	0.5987124890949719	1.574003510176394	1
degree	dorothea_ab	tf	expressed	classical_monocyte	41288	STAT1	True	0.5968893910036603	1.747523546659631	1
degree	dorothea_ab	tf	expressed	classical_monocyte	41289	STAT1	True	0.5995606768023373	1.6385525769214218	1
degree	dorothea_ab	tf	expressed	classical_monocyte	41290	STAT1	True	0.5675747991824952	1.3398354884063517	1
degree	dorothea_ab	tf	expressed	classical_monocyte	41301	IRF1	True	0.5997647907327913	1.6710679867457483	1
degree	dorothea_ab	tf	expressed	classical_monocyte	41302	IRF1	True	0.6122588383714583	1.9845783983034484	1
degree	dorothea_ab	tf	expressed	classical_monocyte	41303	IRF1	True	0.6059306230137314	1.858382792441698	1
degree	dorothea_ab	tf	expressed	classical_monocyte	45444	CTCF	True	0.5666651274218982	1.278601927286023	1
degree	dorothea_ab	tf	expressed	classical_monocyte	81223	RUNX1	True	0.5722111606681608	1.3965724452541342	1
degree	dorothea_ab	tf	expressed	classical_monocyte	85986	SPI1	True	0.5854954877534437	1.486195885909612	1
degree	dorothea_ab	tf	expressed	mdc	8481	RUNX1	True	0.6194863858571653	1.9007525587110154	1
degree	dorothea_ab	tf	expressed	naive_b	40215	IRF4	True	0.5510302340074822	1.1762973833715251	1
degree	dorothea_ab	tf	expressed	naive_b	45178	CTCF	True	0.570903149230034	1.3194259603617169	1
degree	dorothea_ab	tf	expressed	naive_b	5967	MYC	True	0.5356025311650511	1.101612022830186	1
degree	dorothea_ab	tf	expressed	naive_cd4_t	44092	ETS1	True	0.5638928480566312	1.2555391359067771	1
degree	dorothea_ab	tf	expressed	naive_cd4_t	44093	ETS1	True	0.5427798058018319	1.1489166642564586	1
degree	dorothea_ab	tf	expressed	naive_cd4_t	44094	ETS1	True	0.5466384834101105	1.1602128559657603	1
degree	dorothea_ab	tf	expressed	naive_cd4_t	44097	RUNX1	True	0.5464938488299017	1.195658184685207	1
degree	dorothea_ab	tf	expressed	naive_cd4_t	44098	FOXP3	False	0.5637387494316983	1.3433217520848182	1
degree	dorothea_ab	tf	expressed	naive_cd4_t	47435	REST	True	0.5405274257889944	1.1291140524661993	1
fm_h384	collectri	random	expressed	classical_monocyte	41287	STAT1	True	0.7454366360238637	2.5244162402058277	5
fm_h384	collectri	random	expressed	classical_monocyte	41288	STAT1	True	0.7512486601128937	2.655567758397239	5
fm_h384	collectri	random	expressed	classical_monocyte	41289	STAT1	True	0.7470600034774248	2.473576086063736	5
fm_h384	collectri	random	expressed	classical_monocyte	41290	STAT1	True	0.7020245492983141	2.051569395888458	5
fm_h384	collectri	random	expressed	classical_monocyte	41301	IRF1	True	0.7165608313031632	2.6535051320756198	5
fm_h384	collectri	random	expressed	classical_monocyte	41302	IRF1	True	0.7475985284274722	3.508625316129244	5
fm_h384	collectri	random	expressed	classical_monocyte	41303	IRF1	True	0.7307640634235346	2.9950686069623487	5
fm_h384	collectri	random	expressed	classical_monocyte	45444	CTCF	True	0.6675553944326207	1.5874398557526086	5
fm_h384	collectri	random	expressed	classical_monocyte	81223	RUNX1	True	0.658612905797295	1.6470123882064325	5
fm_h384	collectri	random	expressed	classical_monocyte	85986	SPI1	True	0.6982637376070814	2.2654202055724153	5
fm_h384	collectri	random	expressed	mdc	8481	RUNX1	True	0.690498867214569	1.7421173031440276	5
fm_h384	collectri	random	expressed	naive_b	40215	IRF4	True	0.6055509453604835	1.4964923399760084	5
fm_h384	collectri	random	expressed	naive_b	45178	CTCF	True	0.6820468523815062	1.7297166478515291	5
fm_h384	collectri	random	expressed	naive_b	5967	MYC	True	0.6391671571527765	1.5620956226338822	5
fm_h384	collectri	random	expressed	naive_cd4_t	44092	ETS1	True	0.5902886331398294	1.531757661837148	5
fm_h384	collectri	random	expressed	naive_cd4_t	44093	ETS1	True	0.5438100962305998	1.2270335212978072	5
fm_h384	collectri	random	expressed	naive_cd4_t	44094	ETS1	True	0.5496081474678516	1.2713077673353304	5
fm_h384	collectri	random	expressed	naive_cd4_t	44097	RUNX1	True	0.5740441432992245	1.2430287163759548	5
fm_h384	collectri	random	expressed	naive_cd4_t	44098	FOXP3	False	0.6080136007099493	1.5512680671306858	5
fm_h384	collectri	random	expressed	naive_cd4_t	47435	REST	True	0.6632166298720822	1.5960318874604422	5
fm_h384	collectri	target	expressed	classical_monocyte	41287	STAT1	True	0.5352576283009727	1.5804129606005994	5
fm_h384	collectri	target	expressed	classical_monocyte	41288	STAT1	True	0.5509749406239394	1.7691971411488268	5
fm_h384	collectri	target	expressed	classical_monocyte	41289	STAT1	True	0.5266699011831768	1.4913076613676775	5
fm_h384	collectri	target	expressed	classical_monocyte	41290	STAT1	True	0.517218042388432	1.4730956672331406	5
fm_h384	collectri	target	expressed	classical_monocyte	41301	IRF1	True	0.45105520197696014	1.3663962731786936	5
fm_h384	collectri	target	expressed	classical_monocyte	41302	IRF1	True	0.4808925429350568	1.8830681411237726	5
fm_h384	collectri	target	expressed	classical_monocyte	41303	IRF1	True	0.45773378219789446	1.5374665977446262	5
fm_h384	collectri	target	expressed	classical_monocyte	45444	CTCF	True	0.5131579742987477	1.2221104392082394	5
fm_h384	collectri	target	expressed	classical_monocyte	81223	RUNX1	True	0.45706527529268326	1.0964829661191655	5
fm_h384	collectri	target	expressed	classical_monocyte	85986	SPI1	True	0.47273687640115253	1.4619712527228044	5
fm_h384	collectri	target	expressed	mdc	8481	RUNX1	True	0.416675601799683	0.9769690490053566	5
fm_h384	collectri	target	expressed	naive_b	40215	IRF4	True	0.3309216445855339	0.7359074937477434	5
fm_h384	collectri	target	expressed	naive_b	45178	CTCF	True	0.5166730007207556	1.317488131768068	5
fm_h384	collectri	target	expressed	naive_b	5967	MYC	True	0.3689385672351627	0.8234840651807535	5
fm_h384	collectri	target	expressed	naive_cd4_t	44092	ETS1	True	0.38812660192723547	0.9041781395224173	5
fm_h384	collectri	target	expressed	naive_cd4_t	44093	ETS1	True	0.35162265623157396	0.7753474283113506	5
fm_h384	collectri	target	expressed	naive_cd4_t	44094	ETS1	True	0.36422087300617106	0.825300432472609	5
fm_h384	collectri	target	expressed	naive_cd4_t	44097	RUNX1	True	0.4288092369897039	0.9559150913881025	5
fm_h384	collectri	target	expressed	naive_cd4_t	44098	FOXP3	False	0.39357568747093985	0.9812997358346542	5
fm_h384	collectri	target	expressed	naive_cd4_t	47435	REST	True	0.5094405178515519	1.2292942373948708	5
fm_h384	collectri	tf	expressed	classical_monocyte	41287	STAT1	True	0.7672706508399155	2.4528180369108776	5
fm_h384	collectri	tf	expressed	classical_monocyte	41288	STAT1	True	0.7761582503586011	2.836659046425069	5
fm_h384	collectri	tf	expressed	classical_monocyte	41289	STAT1	True	0.7766280655460495	2.530584695463186	5
fm_h384	collectri	tf	expressed	classical_monocyte	41290	STAT1	True	0.7305589416954165	2.0644455404073048	5
fm_h384	collectri	tf	expressed	classical_monocyte	41301	IRF1	True	0.770965411339455	2.7566394182036604	5
fm_h384	collectri	tf	expressed	classical_monocyte	41302	IRF1	True	0.7957111215812231	3.3676213692387393	5
fm_h384	collectri	tf	expressed	classical_monocyte	41303	IRF1	True	0.7891020395925954	3.232131709775588	5
fm_h384	collectri	tf	expressed	classical_monocyte	45444	CTCF	True	0.7227902418314348	1.777916071624571	5
fm_h384	collectri	tf	expressed	classical_monocyte	81223	RUNX1	True	0.7128920749597852	1.8596036765086368	5
fm_h384	collectri	tf	expressed	classical_monocyte	85986	SPI1	True	0.7627497738826741	2.389619900059228	5
fm_h384	collectri	tf	expressed	mdc	8481	RUNX1	True	0.7643629565396244	2.2815756302152055	5
fm_h384	collectri	tf	expressed	naive_b	40215	IRF4	True	0.6940184858297732	1.5450706443005817	5
fm_h384	collectri	tf	expressed	naive_b	45178	CTCF	True	0.7143671527913046	1.723438770648238	5
fm_h384	collectri	tf	expressed	naive_b	5967	MYC	True	0.69552161507677	1.5679910841419549	5
fm_h384	collectri	tf	expressed	naive_cd4_t	44092	ETS1	True	0.7182501541245749	1.8538541106642827	5
fm_h384	collectri	tf	expressed	naive_cd4_t	44093	ETS1	True	0.6881193154199108	1.5585161934974567	5
fm_h384	collectri	tf	expressed	naive_cd4_t	44094	ETS1	True	0.6944736472750817	1.6368303310891932	5
fm_h384	collectri	tf	expressed	naive_cd4_t	44097	RUNX1	True	0.6948257433032938	1.6109343057552004	5
fm_h384	collectri	tf	expressed	naive_cd4_t	44098	FOXP3	False	0.7088736650822165	1.8072266060000461	5
fm_h384	collectri	tf	expressed	naive_cd4_t	47435	REST	True	0.6828392511364184	1.5238147792330285	5
fm_h384	dorothea_ab	tf	expressed	classical_monocyte	41287	STAT1	True	0.7317214157792605	2.3134220923928757	5
fm_h384	dorothea_ab	tf	expressed	classical_monocyte	41288	STAT1	True	0.7552119276523432	2.8506988889865132	5
fm_h384	dorothea_ab	tf	expressed	classical_monocyte	41289	STAT1	True	0.74273573616573	2.434250735878355	5
fm_h384	dorothea_ab	tf	expressed	classical_monocyte	41290	STAT1	True	0.7185068848634804	2.20833528934458	5
fm_h384	dorothea_ab	tf	expressed	classical_monocyte	41301	IRF1	True	0.741484325272596	2.5039777418446767	5
fm_h384	dorothea_ab	tf	expressed	classical_monocyte	41302	IRF1	True	0.7663025923160272	3.241560903343436	5
fm_h384	dorothea_ab	tf	expressed	classical_monocyte	41303	IRF1	True	0.7541443819117861	2.925702940695422	5
fm_h384	dorothea_ab	tf	expressed	classical_monocyte	45444	CTCF	True	0.5770613795676514	1.4796625921086062	5
fm_h384	dorothea_ab	tf	expressed	classical_monocyte	81223	RUNX1	True	0.6901492140342046	1.8511156538370153	5
fm_h384	dorothea_ab	tf	expressed	classical_monocyte	85986	SPI1	True	0.726633312402026	2.265922518218204	5
fm_h384	dorothea_ab	tf	expressed	mdc	8481	RUNX1	True	0.6865874166993853	2.221791065671037	5
fm_h384	dorothea_ab	tf	expressed	naive_b	40215	IRF4	True	0.5941919774933562	1.2801309979863087	5
fm_h384	dorothea_ab	tf	expressed	naive_b	45178	CTCF	True	0.5438755349029268	1.2478490050248752	5
fm_h384	dorothea_ab	tf	expressed	naive_b	5967	MYC	True	0.645955158302217	1.500566640438572	5
fm_h384	dorothea_ab	tf	expressed	naive_cd4_t	44092	ETS1	True	0.5947076956836075	1.3646718476606803	5
fm_h384	dorothea_ab	tf	expressed	naive_cd4_t	44093	ETS1	True	0.5721472615374502	1.228015932628557	5
fm_h384	dorothea_ab	tf	expressed	naive_cd4_t	44094	ETS1	True	0.5759569891237305	1.2790033264682648	5
fm_h384	dorothea_ab	tf	expressed	naive_cd4_t	44097	RUNX1	True	0.5843212647421023	1.3760742394610717	5
fm_h384	dorothea_ab	tf	expressed	naive_cd4_t	44098	FOXP3	False	0.5934713332517972	1.3377277860268975	5
fm_h384	dorothea_ab	tf	expressed	naive_cd4_t	47435	REST	True	0.4960487381119888	1.1571570509197078	5
fm_h384_rnaonly	collectri	random	expressed	classical_monocyte	41287	STAT1	True	0.7027886777321717	2.475114943981831	5
fm_h384_rnaonly	collectri	random	expressed	classical_monocyte	41288	STAT1	True	0.7082534221782101	2.4935725367133053	5
fm_h384_rnaonly	collectri	random	expressed	classical_monocyte	41289	STAT1	True	0.7000877666238807	2.313291769078009	5
fm_h384_rnaonly	collectri	random	expressed	classical_monocyte	41290	STAT1	True	0.6492027991514376	1.9379678964443703	5
fm_h384_rnaonly	collectri	random	expressed	classical_monocyte	41301	IRF1	True	0.6611094777735775	2.513045928751973	5
fm_h384_rnaonly	collectri	random	expressed	classical_monocyte	41302	IRF1	True	0.6925421824816678	3.2444149296753286	5
fm_h384_rnaonly	collectri	random	expressed	classical_monocyte	41303	IRF1	True	0.6769699457764757	2.8844542890614018	5
fm_h384_rnaonly	collectri	random	expressed	classical_monocyte	45444	CTCF	True	0.633796586276737	1.5330806324027983	5
fm_h384_rnaonly	collectri	random	expressed	classical_monocyte	81223	RUNX1	True	0.6292774873985725	1.6287015570177457	5
fm_h384_rnaonly	collectri	random	expressed	classical_monocyte	85986	SPI1	True	0.6191188206932268	2.1288502230490574	5
fm_h384_rnaonly	collectri	random	expressed	mdc	8481	RUNX1	True	0.6048647928458176	1.518810806522464	5
fm_h384_rnaonly	collectri	random	expressed	naive_b	40215	IRF4	True	0.5580035179909739	1.4264557366996686	5
fm_h384_rnaonly	collectri	random	expressed	naive_b	45178	CTCF	True	0.6602149841485158	1.6481926000286582	5
fm_h384_rnaonly	collectri	random	expressed	naive_b	5967	MYC	True	0.557193899442446	1.3563896403359261	5
fm_h384_rnaonly	collectri	random	expressed	naive_cd4_t	44092	ETS1	True	0.556863705245218	1.4321828631146751	5
fm_h384_rnaonly	collectri	random	expressed	naive_cd4_t	44093	ETS1	True	0.5122528130159552	1.142983137866794	5
fm_h384_rnaonly	collectri	random	expressed	naive_cd4_t	44094	ETS1	True	0.5243787694202307	1.2155434237133542	5
fm_h384_rnaonly	collectri	random	expressed	naive_cd4_t	44097	RUNX1	True	0.5114187129786629	1.148620823087231	5
fm_h384_rnaonly	collectri	random	expressed	naive_cd4_t	44098	FOXP3	False	0.5217690272067524	1.3650373882520488	5
fm_h384_rnaonly	collectri	random	expressed	naive_cd4_t	47435	REST	True	0.6342635100309024	1.506116957166078	5
fm_h384_rnaonly	collectri	target	expressed	classical_monocyte	41287	STAT1	True	0.518417933737439	1.4662671160630236	5
fm_h384_rnaonly	collectri	target	expressed	classical_monocyte	41288	STAT1	True	0.545625575597359	1.804210571285711	5
fm_h384_rnaonly	collectri	target	expressed	classical_monocyte	41289	STAT1	True	0.5136170332452045	1.4269548704317967	5
fm_h384_rnaonly	collectri	target	expressed	classical_monocyte	41290	STAT1	True	0.5156597925870713	1.470007989880967	5
fm_h384_rnaonly	collectri	target	expressed	classical_monocyte	41301	IRF1	True	0.46832066924066035	1.4880855531528343	5
fm_h384_rnaonly	collectri	target	expressed	classical_monocyte	41302	IRF1	True	0.5044310377125294	2.0698404562883894	5
fm_h384_rnaonly	collectri	target	expressed	classical_monocyte	41303	IRF1	True	0.48122366132997535	1.7245708020369939	5
fm_h384_rnaonly	collectri	target	expressed	classical_monocyte	45444	CTCF	True	0.5096758396465343	1.2377343082244188	5
fm_h384_rnaonly	collectri	target	expressed	classical_monocyte	81223	RUNX1	True	0.5046947445601777	1.2393497441363115	5
fm_h384_rnaonly	collectri	target	expressed	classical_monocyte	85986	SPI1	True	0.5050370224675469	1.5709516402887178	5
fm_h384_rnaonly	collectri	target	expressed	mdc	8481	RUNX1	True	0.4291704542745374	1.0799672116203278	5
fm_h384_rnaonly	collectri	target	expressed	naive_b	40215	IRF4	True	0.37127402352291294	0.8864289922683571	5
fm_h384_rnaonly	collectri	target	expressed	naive_b	45178	CTCF	True	0.5213855042649764	1.2864609583774904	5
fm_h384_rnaonly	collectri	target	expressed	naive_b	5967	MYC	True	0.3682687477654286	0.8453567524339636	5
fm_h384_rnaonly	collectri	target	expressed	naive_cd4_t	44092	ETS1	True	0.35145275102768203	0.7763860947643334	5
fm_h384_rnaonly	collectri	target	expressed	naive_cd4_t	44093	ETS1	True	0.3248901048234844	0.6977761015649498	5
fm_h384_rnaonly	collectri	target	expressed	naive_cd4_t	44094	ETS1	True	0.3334249252167226	0.7333622109523551	5
fm_h384_rnaonly	collectri	target	expressed	naive_cd4_t	44097	RUNX1	True	0.41732679701533326	0.9737228614708879	5
fm_h384_rnaonly	collectri	target	expressed	naive_cd4_t	44098	FOXP3	False	0.41392982180912874	1.0698003797556397	5
fm_h384_rnaonly	collectri	target	expressed	naive_cd4_t	47435	REST	True	0.5092742088186457	1.2283850216049232	5
fm_h384_rnaonly	collectri	tf	expressed	classical_monocyte	41287	STAT1	True	0.7467845627420743	2.575106480773136	5
fm_h384_rnaonly	collectri	tf	expressed	classical_monocyte	41288	STAT1	True	0.7602615498995952	3.064267333012598	5
fm_h384_rnaonly	collectri	tf	expressed	classical_monocyte	41289	STAT1	True	0.7560581940232612	2.6779807468058436	5
fm_h384_rnaonly	collectri	tf	expressed	classical_monocyte	41290	STAT1	True	0.7087925844831112	2.128984757912156	5
fm_h384_rnaonly	collectri	tf	expressed	classical_monocyte	41301	IRF1	True	0.7325677171924089	2.8074349698296808	5
fm_h384_rnaonly	collectri	tf	expressed	classical_monocyte	41302	IRF1	True	0.762293289111158	3.594324031170958	5
fm_h384_rnaonly	collectri	tf	expressed	classical_monocyte	41303	IRF1	True	0.7524229049417933	3.317579404304671	5
fm_h384_rnaonly	collectri	tf	expressed	classical_monocyte	45444	CTCF	True	0.6954485359255134	1.7850598830200124	5
fm_h384_rnaonly	collectri	tf	expressed	classical_monocyte	81223	RUNX1	True	0.6899264808990779	1.7995210060367905	5
fm_h384_rnaonly	collectri	tf	expressed	classical_monocyte	85986	SPI1	True	0.731161462050077	2.3470768061314784	5
fm_h384_rnaonly	collectri	tf	expressed	mdc	8481	RUNX1	True	0.7527102484157587	2.13497458090448	5
fm_h384_rnaonly	collectri	tf	expressed	naive_b	40215	IRF4	True	0.6929497964805926	1.5888308465579484	5
fm_h384_rnaonly	collectri	tf	expressed	naive_b	45178	CTCF	True	0.7140900239115212	1.7880496693823975	5
fm_h384_rnaonly	collectri	tf	expressed	naive_b	5967	MYC	True	0.6928681508299983	1.5685595681484081	5
fm_h384_rnaonly	collectri	tf	expressed	naive_cd4_t	44092	ETS1	True	0.7215831524477611	1.882793365921795	5
fm_h384_rnaonly	collectri	tf	expressed	naive_cd4_t	44093	ETS1	True	0.6898471050655531	1.568247254467147	5
fm_h384_rnaonly	collectri	tf	expressed	naive_cd4_t	44094	ETS1	True	0.7003876906499049	1.6516841219268599	5
fm_h384_rnaonly	collectri	tf	expressed	naive_cd4_t	44097	RUNX1	True	0.6977220789111485	1.6385255323370926	5
fm_h384_rnaonly	collectri	tf	expressed	naive_cd4_t	44098	FOXP3	False	0.7157187144193224	1.8967220342711024	5
fm_h384_rnaonly	collectri	tf	expressed	naive_cd4_t	47435	REST	True	0.6765554801706614	1.4566664162406266	5
fm_h384_rnaonly	dorothea_ab	tf	expressed	classical_monocyte	41287	STAT1	True	0.692433028123013	2.090093962840377	5
fm_h384_rnaonly	dorothea_ab	tf	expressed	classical_monocyte	41288	STAT1	True	0.7220532538697343	2.6640306264719333	5
fm_h384_rnaonly	dorothea_ab	tf	expressed	classical_monocyte	41289	STAT1	True	0.711678360360084	2.318775061714112	5
fm_h384_rnaonly	dorothea_ab	tf	expressed	classical_monocyte	41290	STAT1	True	0.6785940661026263	2.046197051311494	5
fm_h384_rnaonly	dorothea_ab	tf	expressed	classical_monocyte	41301	IRF1	True	0.7374874482293601	2.5144556143419785	5
fm_h384_rnaonly	dorothea_ab	tf	expressed	classical_monocyte	41302	IRF1	True	0.7613174012746129	3.1704979403397853	5
fm_h384_rnaonly	dorothea_ab	tf	expressed	classical_monocyte	41303	IRF1	True	0.7498867088119651	2.8854237758821775	5
fm_h384_rnaonly	dorothea_ab	tf	expressed	classical_monocyte	45444	CTCF	True	0.5954123338075126	1.445793361425467	5
fm_h384_rnaonly	dorothea_ab	tf	expressed	classical_monocyte	81223	RUNX1	True	0.671126516819624	1.8739485952612938	5
fm_h384_rnaonly	dorothea_ab	tf	expressed	classical_monocyte	85986	SPI1	True	0.6834224742337696	2.138200646967875	5
fm_h384_rnaonly	dorothea_ab	tf	expressed	mdc	8481	RUNX1	True	0.7205321351164539	2.3804886632327893	5
fm_h384_rnaonly	dorothea_ab	tf	expressed	naive_b	40215	IRF4	True	0.5901491206793069	1.31724953810226	5
fm_h384_rnaonly	dorothea_ab	tf	expressed	naive_b	45178	CTCF	True	0.5989714869472241	1.4798049111330605	5
fm_h384_rnaonly	dorothea_ab	tf	expressed	naive_b	5967	MYC	True	0.6059383548385606	1.2926004810643865	5
fm_h384_rnaonly	dorothea_ab	tf	expressed	naive_cd4_t	44092	ETS1	True	0.6277098325250716	1.4632084679909583	5
fm_h384_rnaonly	dorothea_ab	tf	expressed	naive_cd4_t	44093	ETS1	True	0.5950582782676057	1.2816489528481858	5
fm_h384_rnaonly	dorothea_ab	tf	expressed	naive_cd4_t	44094	ETS1	True	0.6078597581511074	1.3378098744787896	5
fm_h384_rnaonly	dorothea_ab	tf	expressed	naive_cd4_t	44097	RUNX1	True	0.5958307513076465	1.382120529856	5
fm_h384_rnaonly	dorothea_ab	tf	expressed	naive_cd4_t	44098	FOXP3	False	0.6254335305854278	1.5813002096105904	5
fm_h384_rnaonly	dorothea_ab	tf	expressed	naive_cd4_t	47435	REST	True	0.5882905390713328	1.280446719389755	5
fm_h384_uniformneg	collectri	tf	expressed	classical_monocyte	41287	STAT1	True	0.6309403156826265	1.9088849708085536	5
fm_h384_uniformneg	collectri	tf	expressed	classical_monocyte	41288	STAT1	True	0.6416880617877291	2.1009999373511254	5
fm_h384_uniformneg	collectri	tf	expressed	classical_monocyte	41289	STAT1	True	0.6424539582129445	1.8762414409371826	5
fm_h384_uniformneg	collectri	tf	expressed	classical_monocyte	41290	STAT1	True	0.589264780608332	1.5815091019202945	5
fm_h384_uniformneg	collectri	tf	expressed	classical_monocyte	41301	IRF1	True	0.63964153217186	2.176143167586285	5
fm_h384_uniformneg	collectri	tf	expressed	classical_monocyte	41302	IRF1	True	0.6612736616074696	2.6614058672425758	5
fm_h384_uniformneg	collectri	tf	expressed	classical_monocyte	41303	IRF1	True	0.661902320561252	2.4677371141109945	5
fm_h384_uniformneg	collectri	tf	expressed	classical_monocyte	45444	CTCF	True	0.5859412091204158	1.508217497413003	5
fm_h384_uniformneg	collectri	tf	expressed	classical_monocyte	81223	RUNX1	True	0.5823648626248328	1.516856413158053	5
fm_h384_uniformneg	collectri	tf	expressed	classical_monocyte	85986	SPI1	True	0.6259495839336717	1.772613447450119	5
fm_h384_uniformneg	collectri	tf	expressed	mdc	8481	RUNX1	True	0.6161028794206584	1.888218536017376	5
fm_h384_uniformneg	collectri	tf	expressed	naive_b	40215	IRF4	True	0.5910649535862439	1.4166094939624625	5
fm_h384_uniformneg	collectri	tf	expressed	naive_b	45178	CTCF	True	0.6149804816777209	1.6137066940122	5
fm_h384_uniformneg	collectri	tf	expressed	naive_b	5967	MYC	True	0.5862646446259124	1.3735843616984582	5
fm_h384_uniformneg	collectri	tf	expressed	naive_cd4_t	44092	ETS1	True	0.5553699168964388	1.436698928112774	5
fm_h384_uniformneg	collectri	tf	expressed	naive_cd4_t	44093	ETS1	True	0.5216017215059072	1.1916485640946437	5
fm_h384_uniformneg	collectri	tf	expressed	naive_cd4_t	44094	ETS1	True	0.5247861332352592	1.2138608907515915	5
fm_h384_uniformneg	collectri	tf	expressed	naive_cd4_t	44097	RUNX1	True	0.5309740079101632	1.2572895485563529	5
fm_h384_uniformneg	collectri	tf	expressed	naive_cd4_t	44098	FOXP3	False	0.5600950859337599	1.402275647835325	5
fm_h384_uniformneg	collectri	tf	expressed	naive_cd4_t	47435	REST	True	0.546697923839566	1.2938478833408955	5
geneid	collectri	random	expressed	classical_monocyte	41287	STAT1	True	0.6008165180625538	1.7505463208557672	1
geneid	collectri	random	expressed	classical_monocyte	41288	STAT1	True	0.6144421688208976	1.9106762514404696	1
geneid	collectri	random	expressed	classical_monocyte	41289	STAT1	True	0.6039971208967665	1.6682027727860742	1
geneid	collectri	random	expressed	classical_monocyte	41290	STAT1	True	0.5690142105721756	1.482157073446833	1
geneid	collectri	random	expressed	classical_monocyte	41301	IRF1	True	0.6112281565407632	1.852178291418869	1
geneid	collectri	random	expressed	classical_monocyte	41302	IRF1	True	0.6245834604110213	2.118592166440842	1
geneid	collectri	random	expressed	classical_monocyte	41303	IRF1	True	0.6316147988247287	2.166109193074983	1
geneid	collectri	random	expressed	classical_monocyte	45444	CTCF	True	0.5827058728390841	1.4358417805816548	1
geneid	collectri	random	expressed	classical_monocyte	81223	RUNX1	True	0.5674574819504083	1.445442996748988	1
geneid	collectri	random	expressed	classical_monocyte	85986	SPI1	True	0.5894895669100062	1.6564969460047885	1
geneid	collectri	random	expressed	mdc	8481	RUNX1	True	0.6044035763522364	1.8370935570485036	1
geneid	collectri	random	expressed	naive_b	40215	IRF4	True	0.5800186478308673	1.3977905332518938	1
geneid	collectri	random	expressed	naive_b	45178	CTCF	True	0.5770791088789332	1.4664645691433411	1
geneid	collectri	random	expressed	naive_b	5967	MYC	True	0.5496764374808633	1.2255959517208794	1
geneid	collectri	random	expressed	naive_cd4_t	44092	ETS1	True	0.5794777092267767	1.4708168290539367	1
geneid	collectri	random	expressed	naive_cd4_t	44093	ETS1	True	0.5551184965755754	1.2468600634752895	1
geneid	collectri	random	expressed	naive_cd4_t	44094	ETS1	True	0.5587212851892368	1.2861590046316518	1
geneid	collectri	random	expressed	naive_cd4_t	44097	RUNX1	True	0.5572332924594209	1.269514296475347	1
geneid	collectri	random	expressed	naive_cd4_t	44098	FOXP3	False	0.5554069900555152	1.3825447634020767	1
geneid	collectri	random	expressed	naive_cd4_t	47435	REST	True	0.5588737799070455	1.2574619884124578	1
geneid	collectri	target	expressed	classical_monocyte	41287	STAT1	True	0.5034394872049119	1.239217682530761	1
geneid	collectri	target	expressed	classical_monocyte	41288	STAT1	True	0.5144508418247761	1.4653206102151495	1
geneid	collectri	target	expressed	classical_monocyte	41289	STAT1	True	0.4848689615966154	1.15537483168636	1
geneid	collectri	target	expressed	classical_monocyte	41290	STAT1	True	0.5219296122891428	1.2431273900240805	1
geneid	collectri	target	expressed	classical_monocyte	41301	IRF1	True	0.511700498120786	1.3224443202458873	1
geneid	collectri	target	expressed	classical_monocyte	41302	IRF1	True	0.5136096763445249	1.5578074626466205	1
geneid	collectri	target	expressed	classical_monocyte	41303	IRF1	True	0.519209197440444	1.522190655152592	1
geneid	collectri	target	expressed	classical_monocyte	45444	CTCF	True	0.4885459972284405	1.0663492563996135	1
geneid	collectri	target	expressed	classical_monocyte	81223	RUNX1	True	0.5177319608423131	1.123272657521984	1
geneid	collectri	target	expressed	classical_monocyte	85986	SPI1	True	0.5052730960955972	1.246232292117039	1
geneid	collectri	target	expressed	mdc	8481	RUNX1	True	0.5038813065375527	1.2389693019716386	1
geneid	collectri	target	expressed	naive_b	40215	IRF4	True	0.4949585126706102	1.069161927858085	1
geneid	collectri	target	expressed	naive_b	45178	CTCF	True	0.48180169272457285	1.0268106300480944	1
geneid	collectri	target	expressed	naive_b	5967	MYC	True	0.49539569178908277	1.0129056067815443	1
geneid	collectri	target	expressed	naive_cd4_t	44092	ETS1	True	0.5087842902650772	1.147106545825552	1
geneid	collectri	target	expressed	naive_cd4_t	44093	ETS1	True	0.493550100169431	1.008950712744132	1
geneid	collectri	target	expressed	naive_cd4_t	44094	ETS1	True	0.48857624272236555	1.0424159638449992	1
geneid	collectri	target	expressed	naive_cd4_t	44097	RUNX1	True	0.48919280834297885	1.016882534199708	1
geneid	collectri	target	expressed	naive_cd4_t	44098	FOXP3	False	0.49763575294411694	1.1441645319922862	1
geneid	collectri	target	expressed	naive_cd4_t	47435	REST	True	0.4768318573717803	0.9902906947251733	1
geneid	collectri	tf	expressed	classical_monocyte	41287	STAT1	True	0.5900900800992259	1.6726786450445208	1
geneid	collectri	tf	expressed	classical_monocyte	41288	STAT1	True	0.5949712965075393	1.8213278008466411	1
geneid	collectri	tf	expressed	classical_monocyte	41289	STAT1	True	0.5978892755535328	1.6399050017121715	1
geneid	collectri	tf	expressed	classical_monocyte	41290	STAT1	True	0.5726429231402328	1.4579581726258308	1
geneid	collectri	tf	expressed	classical_monocyte	41301	IRF1	True	0.60289634489667	1.8077062704251925	1
geneid	collectri	tf	expressed	classical_monocyte	41302	IRF1	True	0.6311039864464227	2.0922044885783952	1
geneid	collectri	tf	expressed	classical_monocyte	41303	IRF1	True	0.6300873101534192	2.086586411649049	1
geneid	collectri	tf	expressed	classical_monocyte	45444	CTCF	True	0.5747790609412275	1.437476087786517	1
geneid	collectri	tf	expressed	classical_monocyte	81223	RUNX1	True	0.564004930599209	1.4315722129008714	1
geneid	collectri	tf	expressed	classical_monocyte	85986	SPI1	True	0.5819788278607194	1.6129496144172943	1
geneid	collectri	tf	expressed	mdc	8481	RUNX1	True	0.6021223682741608	1.8167027743246345	1
geneid	collectri	tf	expressed	naive_b	40215	IRF4	True	0.5577891321167612	1.3386520641450081	1
geneid	collectri	tf	expressed	naive_b	45178	CTCF	True	0.5766572356525034	1.4689306629126013	1
geneid	collectri	tf	expressed	naive_b	5967	MYC	True	0.5442607947877429	1.229054375618509	1
geneid	collectri	tf	expressed	naive_cd4_t	44092	ETS1	True	0.5690294878320503	1.4348041626281662	1
geneid	collectri	tf	expressed	naive_cd4_t	44093	ETS1	True	0.5491021363773874	1.218829007945702	1
geneid	collectri	tf	expressed	naive_cd4_t	44094	ETS1	True	0.5493903974405991	1.2330730979791162	1
geneid	collectri	tf	expressed	naive_cd4_t	44097	RUNX1	True	0.5526166480714044	1.2670684547280557	1
geneid	collectri	tf	expressed	naive_cd4_t	44098	FOXP3	False	0.5675344374083686	1.4101902916585722	1
geneid	collectri	tf	expressed	naive_cd4_t	47435	REST	True	0.5440563144716417	1.2107513074091718	1
geneid	dorothea_ab	random	expressed	classical_monocyte	41287	STAT1	True	0.5878085046607852	1.5881214184278385	1
geneid	dorothea_ab	random	expressed	classical_monocyte	41288	STAT1	True	0.6091009975794318	1.9048371977961889	1
geneid	dorothea_ab	random	expressed	classical_monocyte	41289	STAT1	True	0.6000278918452683	1.7813203721172224	1
geneid	dorothea_ab	random	expressed	classical_monocyte	41290	STAT1	True	0.5637787854239836	1.4208761708148032	1
geneid	dorothea_ab	random	expressed	classical_monocyte	41301	IRF1	True	0.6003535502020585	1.7582389686667352	1
geneid	dorothea_ab	random	expressed	classical_monocyte	41302	IRF1	True	0.6191256134777521	2.1356092944903025	1
geneid	dorothea_ab	random	expressed	classical_monocyte	41303	IRF1	True	0.6101378288318386	1.9717230571662905	1
geneid	dorothea_ab	random	expressed	classical_monocyte	45444	CTCF	True	0.562243520468739	1.3212756810711408	1
geneid	dorothea_ab	random	expressed	classical_monocyte	81223	RUNX1	True	0.5743041118403582	1.5484145025336107	1
geneid	dorothea_ab	random	expressed	classical_monocyte	85986	SPI1	True	0.5815125751533192	1.574481123754574	1
geneid	dorothea_ab	random	expressed	mdc	8481	RUNX1	True	0.6320749824515688	2.075885293785413	1
geneid	dorothea_ab	random	expressed	naive_b	40215	IRF4	True	0.5492765057691865	1.2151271928074954	1
geneid	dorothea_ab	random	expressed	naive_b	45178	CTCF	True	0.5621859773571579	1.3145315489031066	1
geneid	dorothea_ab	random	expressed	naive_b	5967	MYC	True	0.5190336065850135	1.1107062369062408	1
geneid	dorothea_ab	random	expressed	naive_cd4_t	44092	ETS1	True	0.5634740071655769	1.3346241266244425	1
geneid	dorothea_ab	random	expressed	naive_cd4_t	44093	ETS1	True	0.5411532924788165	1.2071269176164139	1
geneid	dorothea_ab	random	expressed	naive_cd4_t	44094	ETS1	True	0.5484721712870525	1.2360305566351228	1
geneid	dorothea_ab	random	expressed	naive_cd4_t	44097	RUNX1	True	0.556517048911708	1.3287062716653297	1
geneid	dorothea_ab	random	expressed	naive_cd4_t	44098	FOXP3	False	0.5606433648761227	1.4816712969583667	1
geneid	dorothea_ab	random	expressed	naive_cd4_t	47435	REST	True	0.5370838784959078	1.1803633752701064	1
geneid	dorothea_ab	target	expressed	classical_monocyte	41287	STAT1	True	0.512002685050609	1.1770119337514005	1
geneid	dorothea_ab	target	expressed	classical_monocyte	41288	STAT1	True	0.5043063582232142	1.275342455146616	1
geneid	dorothea_ab	target	expressed	classical_monocyte	41289	STAT1	True	0.5179609207334639	1.401525204821804	1
geneid	dorothea_ab	target	expressed	classical_monocyte	41290	STAT1	True	0.5015778549041227	1.0810227204679363	1
geneid	dorothea_ab	target	expressed	classical_monocyte	41301	IRF1	True	0.5056909156365089	1.2499063604355216	1
geneid	dorothea_ab	target	expressed	classical_monocyte	41302	IRF1	True	0.5111665379118112	1.4113287899850127	1
geneid	dorothea_ab	target	expressed	classical_monocyte	41303	IRF1	True	0.5099084924489674	1.3422875194407775	1
geneid	dorothea_ab	target	expressed	classical_monocyte	45444	CTCF	True	0.498868976728457	1.0781820574119687	1
geneid	dorothea_ab	target	expressed	classical_monocyte	81223	RUNX1	True	0.5049035890612281	1.1399518019726704	1
geneid	dorothea_ab	target	expressed	classical_monocyte	85986	SPI1	True	0.5114206881071515	1.2158660604530522	1
geneid	dorothea_ab	target	expressed	mdc	8481	RUNX1	True	0.5069900994210228	1.4006884654800666	1
geneid	dorothea_ab	target	expressed	naive_b	40215	IRF4	True	0.49021196913657844	1.026761465476001	1
geneid	dorothea_ab	target	expressed	naive_b	45178	CTCF	True	0.4939237690050817	1.0866729911139186	1
geneid	dorothea_ab	target	expressed	naive_b	5967	MYC	True	0.49432746181952864	1.0048469927721029	1
geneid	dorothea_ab	target	expressed	naive_cd4_t	44092	ETS1	True	0.4915732719235277	1.044502986806782	1
geneid	dorothea_ab	target	expressed	naive_cd4_t	44093	ETS1	True	0.5075578770194066	1.0884404768362685	1
geneid	dorothea_ab	target	expressed	naive_cd4_t	44094	ETS1	True	0.4955001607287578	1.0323348459733221	1
geneid	dorothea_ab	target	expressed	naive_cd4_t	44097	RUNX1	True	0.5008055437794331	1.0797193329915566	1
geneid	dorothea_ab	target	expressed	naive_cd4_t	44098	FOXP3	False	0.5025394465485011	1.1321507425210127	1
geneid	dorothea_ab	target	expressed	naive_cd4_t	47435	REST	True	0.4907214796632358	1.020315349625073	1
geneid	dorothea_ab	tf	expressed	classical_monocyte	41287	STAT1	True	0.5995087844731534	1.642657919601019	1
geneid	dorothea_ab	tf	expressed	classical_monocyte	41288	STAT1	True	0.5855816038527819	1.8501097952373493	1
geneid	dorothea_ab	tf	expressed	classical_monocyte	41289	STAT1	True	0.5967423858884735	1.7573114256447642	1
geneid	dorothea_ab	tf	expressed	classical_monocyte	41290	STAT1	True	0.558607740068689	1.390626964928507	1
geneid	dorothea_ab	tf	expressed	classical_monocyte	41301	IRF1	True	0.5980240879653034	1.7568225413742666	1
geneid	dorothea_ab	tf	expressed	classical_monocyte	41302	IRF1	True	0.6089823412328781	2.053758064978897	1
geneid	dorothea_ab	tf	expressed	classical_monocyte	41303	IRF1	True	0.6135656036114752	1.9506277517116466	1
geneid	dorothea_ab	tf	expressed	classical_monocyte	45444	CTCF	True	0.5585702851324578	1.327351580430585	1
geneid	dorothea_ab	tf	expressed	classical_monocyte	81223	RUNX1	True	0.5631578794904304	1.5379050008366795	1
geneid	dorothea_ab	tf	expressed	classical_monocyte	85986	SPI1	True	0.5871525568410374	1.6496901581087318	1
geneid	dorothea_ab	tf	expressed	mdc	8481	RUNX1	True	0.6089104594983792	2.0024501190218627	1
geneid	dorothea_ab	tf	expressed	naive_b	40215	IRF4	True	0.5461456354426525	1.2266793246700511	1
geneid	dorothea_ab	tf	expressed	naive_b	45178	CTCF	True	0.5539380906937518	1.3452068598133133	1
geneid	dorothea_ab	tf	expressed	naive_b	5967	MYC	True	0.5294549245974948	1.128990657988412	1
geneid	dorothea_ab	tf	expressed	naive_cd4_t	44092	ETS1	True	0.5566618545217582	1.2894508169409566	1
geneid	dorothea_ab	tf	expressed	naive_cd4_t	44093	ETS1	True	0.5388287988668156	1.2026951552786105	1
geneid	dorothea_ab	tf	expressed	naive_cd4_t	44094	ETS1	True	0.5337748933670046	1.1810497302387037	1
geneid	dorothea_ab	tf	expressed	naive_cd4_t	44097	RUNX1	True	0.5545721323992028	1.3009550232438023	1
geneid	dorothea_ab	tf	expressed	naive_cd4_t	44098	FOXP3	False	0.5634375258563317	1.442487616872388	1
geneid	dorothea_ab	tf	expressed	naive_cd4_t	47435	REST	True	0.5408517008450042	1.1801515414871848	1
grnboost2	unsupervised	none	expressed	mdc	8481	RUNX1	True	0.5507569072287748	1.1126615903284247	1
pearson	unsupervised	none	expressed	classical_monocyte	41287	STAT1	True	0.5710572723817278	1.334874653848364	1
pearson	unsupervised	none	expressed	classical_monocyte	41288	STAT1	True	0.5916304143376778	1.6874560111286954	1
pearson	unsupervised	none	expressed	classical_monocyte	41289	STAT1	True	0.5842411500389505	1.3787513614488256	1
pearson	unsupervised	none	expressed	classical_monocyte	41290	STAT1	True	0.5818935984271056	1.5204663006276584	1
pearson	unsupervised	none	expressed	classical_monocyte	41301	IRF1	True	0.5851747433427106	1.5745468449448932	1
pearson	unsupervised	none	expressed	classical_monocyte	41302	IRF1	True	0.6059471196842178	1.899335218524511	1
pearson	unsupervised	none	expressed	classical_monocyte	41303	IRF1	True	0.5969114434764732	1.682360051282381	1
pearson	unsupervised	none	expressed	classical_monocyte	45444	CTCF	True	0.5143986699087296	1.059349319476991	1
pearson	unsupervised	none	expressed	classical_monocyte	81223	RUNX1	True	0.5263341966924558	1.1691845161631407	1
pearson	unsupervised	none	expressed	classical_monocyte	85986	SPI1	True	0.5691500652840858	1.3983549933262152	1
pearson	unsupervised	none	expressed	mdc	8481	RUNX1	True	0.6168378681552651	1.4197541423577935	1
pearson	unsupervised	none	expressed	naive_b	40215	IRF4	True	0.6075844618819393	1.2914693419297045	1
pearson	unsupervised	none	expressed	naive_b	45178	CTCF	True	0.5897751971334202	1.3031925922179188	1
pearson	unsupervised	none	expressed	naive_b	5967	MYC	True	0.6680001285333185	1.5532194240807218	1
pearson	unsupervised	none	expressed	naive_cd4_t	44092	ETS1	True	0.579647446753436	1.2545463218691872	1
pearson	unsupervised	none	expressed	naive_cd4_t	44093	ETS1	True	0.5827487242861635	1.2763220808234454	1
pearson	unsupervised	none	expressed	naive_cd4_t	44094	ETS1	True	0.5895220435224917	1.2621356269865316	1
pearson	unsupervised	none	expressed	naive_cd4_t	44097	RUNX1	True	0.571766998352824	1.2342814805413167	1
pearson	unsupervised	none	expressed	naive_cd4_t	44098	FOXP3	False	0.7156914754996798	1.7974980867525727	1
pearson	unsupervised	none	expressed	naive_cd4_t	47435	REST	True	0.5612810515979375	1.140218313924586	1
pearson_signed	unsupervised	none	expressed	classical_monocyte	41287	STAT1	True	0.5212863758253248	1.371256132926853	1
pearson_signed	unsupervised	none	expressed	classical_monocyte	41288	STAT1	True	0.5349059310681461	1.721303410621078	1
pearson_signed	unsupervised	none	expressed	classical_monocyte	41289	STAT1	True	0.5157141889162196	1.3119552950936475	1
pearson_signed	unsupervised	none	expressed	classical_monocyte	41290	STAT1	True	0.5382811091355034	1.64529768065329	1
pearson_signed	unsupervised	none	expressed	classical_monocyte	41301	IRF1	True	0.4935978606724007	1.5052799250804165	1
pearson_signed	unsupervised	none	expressed	classical_monocyte	41302	IRF1	True	0.5111003112994814	1.8821505900529325	1
pearson_signed	unsupervised	none	expressed	classical_monocyte	41303	IRF1	True	0.4928529454595294	1.5401950698397575	1
pearson_signed	unsupervised	none	expressed	classical_monocyte	45444	CTCF	True	0.4992843660517039	1.0323253021697953	1
pearson_signed	unsupervised	none	expressed	classical_monocyte	81223	RUNX1	True	0.49441514902895967	1.0343405470656788	1
pearson_signed	unsupervised	none	expressed	classical_monocyte	85986	SPI1	True	0.5573106421941025	1.4024935044780233	1
pearson_signed	unsupervised	none	expressed	mdc	8481	RUNX1	True	0.5115239243244964	1.1834775053469981	1
pearson_signed	unsupervised	none	expressed	naive_b	40215	IRF4	True	0.5006621905380737	1.0775582278890943	1
pearson_signed	unsupervised	none	expressed	naive_b	45178	CTCF	True	0.49822765599359864	1.1034242153541693	1
pearson_signed	unsupervised	none	expressed	naive_b	5967	MYC	True	0.4944131863546565	1.1767633772304251	1
pearson_signed	unsupervised	none	expressed	naive_cd4_t	44092	ETS1	True	0.524224880936313	1.217179690345634	1
pearson_signed	unsupervised	none	expressed	naive_cd4_t	44093	ETS1	True	0.510212415900719	1.1801753244928292	1
pearson_signed	unsupervised	none	expressed	naive_cd4_t	44094	ETS1	True	0.509049917162871	1.1542627256988032	1
pearson_signed	unsupervised	none	expressed	naive_cd4_t	44097	RUNX1	True	0.4919410103673338	1.0505897799046224	1
pearson_signed	unsupervised	none	expressed	naive_cd4_t	44098	FOXP3	False	0.43980078346942475	1.1059768726396892	1
pearson_signed	unsupervised	none	expressed	naive_cd4_t	47435	REST	True	0.5213143009588994	1.0826329932845324	1
